DATE,CLOSE,HIGH,LOW,OPEN,VOLUME,YEAR,MONTH,DAY,HOURS,MINUTES,DIFF
2016-08-19T08:00:00Z,6868.96,6868.96,6868.96,6868.96,0,2016,08,19,08,00,0.0
2016-08-19T08:01:00Z,6864.42,6870.98,6863.88,6869.46,0,2016,08,19,08,01,5.039999999999964
2016-08-19T08:02:00Z,6866.1,6866.61,6864.17,6864.27,0,2016,08,19,08,02,1.8299999999999272
2016-08-19T08:03:00Z,6869.97,6871.48,6866.06,6866.09,0,2016,08,19,08,03,3.880000000000109
2016-08-19T08:04:00Z,6867.65,6869.99,6866.98,6869.99,0,2016,08,19,08,04,2.3400000000001455
2016-08-19T08:05:00Z,6868.4,6868.86,6866.9,6867.69,0,2016,08,19,08,05,0.7100000000000364
2016-08-19T08:06:00Z,6868.33,6869.0,6867.04,6868.42,0,2016,08,19,08,06,0.09000000000014552
2016-08-19T08:07:00Z,6869.58,6869.66,6866.67,6868.32,0,2016,08,19,08,07,1.2600000000002183
2016-08-19T08:08:00Z,6867.53,6869.63,6867.2,6869.24,0,2016,08,19,08,08,1.7100000000000364
2016-08-19T08:09:00Z,6864.72,6867.54,6864.17,6867.54,0,2016,08,19,08,09,2.819999999999709
2016-08-19T08:10:00Z,6857.36,6864.74,6856.97,6864.71,0,2016,08,19,08,10,7.350000000000364
2016-08-19T08:11:00Z,6855.61,6857.47,6851.98,6857.34,0,2016,08,19,08,11,1.730000000000473
2016-08-19T08:12:00Z,6856.95,6856.98,6854.77,6855.6,0,2016,08,19,08,12,1.3499999999994543
2016-08-19T08:13:00Z,6857.48,6857.96,6856.74,6856.96,0,2016,08,19,08,13,0.5199999999995271
2016-08-19T08:14:00Z,6853.65,6857.6,6853.65,6857.51,0,2016,08,19,08,14,3.860000000000582
2016-08-19T08:15:00Z,6851.49,6854.12,6849.7,6853.63,0,2016,08,19,08,15,2.1400000000003274
2016-08-19T08:16:00Z,6851.7,6852.1,6848.96,6851.45,0,2016,08,19,08,16,0.25
2016-08-19T08:17:00Z,6853.18,6853.28,6850.92,6851.68,0,2016,08,19,08,17,1.5
2016-08-19T08:18:00Z,6852.85,6853.59,6852.73,6853.14,0,2016,08,19,08,18,0.2899999999999636
2016-08-19T08:19:00Z,6851.29,6852.82,6850.92,6852.82,0,2016,08,19,08,19,1.5299999999997453
2016-08-19T08:20:00Z,6854.83,6854.84,6851.31,6851.31,0,2016,08,19,08,20,3.519999999999527
2016-08-19T08:21:00Z,6855.18,6855.18,6853.62,6854.83,0,2016,08,19,08,21,0.3500000000003638
2016-08-19T08:22:00Z,6858.68,6858.68,6855.14,6855.14,0,2016,08,19,08,22,3.5399999999999636
2016-08-19T08:23:00Z,6858.62,6859.42,6857.49,6858.67,0,2016,08,19,08,23,0.0500000000001819
2016-08-19T08:24:00Z,6857.41,6859.92,6857.37,6858.63,0,2016,08,19,08,24,1.2200000000002547
2016-08-19T08:25:00Z,6852.91,6857.51,6852.91,6857.46,0,2016,08,19,08,25,4.550000000000182
2016-08-19T08:26:00Z,6849.57,6853.2,6849.22,6852.94,0,2016,08,19,08,26,3.369999999999891
2016-08-19T08:27:00Z,6850.95,6851.24,6849.44,6849.56,0,2016,08,19,08,27,1.389999999999418
2016-08-19T08:28:00Z,6853.76,6853.84,6850.37,6850.87,0,2016,08,19,08,28,2.8900000000003274
2016-08-19T08:29:00Z,6853.02,6853.8,6852.31,6853.78,0,2016,08,19,08,29,0.7599999999993088
2016-08-19T08:30:00Z,6853.38,6854.59,6851.74,6853.0,0,2016,08,19,08,30,0.38000000000010914
2016-08-19T08:31:00Z,6852.54,6853.72,6852.45,6853.4,0,2016,08,19,08,31,0.8599999999996726
2016-08-19T08:32:00Z,6851.59,6852.44,6851.31,6852.44,0,2016,08,19,08,32,0.8499999999994543
2016-08-19T08:33:00Z,6852.7,6852.7,6851.26,6851.62,0,2016,08,19,08,33,1.0799999999999272
2016-08-19T08:34:00Z,6853.39,6853.39,6851.83,6852.71,0,2016,08,19,08,34,0.680000000000291
2016-08-19T08:35:00Z,6852.32,6853.5,6851.32,6853.4,0,2016,08,19,08,35,1.0799999999999272
2016-08-19T08:36:00Z,6852.99,6852.99,6850.35,6852.28,0,2016,08,19,08,36,0.7100000000000364
2016-08-19T08:37:00Z,6855.11,6855.11,6852.53,6853.0,0,2016,08,19,08,37,2.1099999999996726
2016-08-19T08:38:00Z,6855.8,6856.39,6855.06,6855.08,0,2016,08,19,08,38,0.7200000000002547
2016-08-19T08:39:00Z,6853.61,6855.73,6853.61,6855.73,0,2016,08,19,08,39,2.119999999999891
2016-08-19T08:40:00Z,6855.09,6855.09,6852.83,6853.63,0,2016,08,19,08,40,1.4600000000000364
2016-08-19T08:41:00Z,6859.82,6860.43,6855.09,6855.11,0,2016,08,19,08,41,4.710000000000036
2016-08-19T08:42:00Z,6857.23,6859.95,6856.99,6859.89,0,2016,08,19,08,42,2.660000000000764
2016-08-19T08:43:00Z,6857.09,6857.82,6857.04,6857.19,0,2016,08,19,08,43,0.0999999999994543
2016-08-19T08:44:00Z,6857.06,6857.8,6856.86,6857.16,0,2016,08,19,08,44,0.0999999999994543
2016-08-19T08:45:00Z,6858.73,6858.87,6856.18,6857.03,0,2016,08,19,08,45,1.699999999999818
2016-08-19T08:46:00Z,6857.41,6858.68,6857.05,6858.68,0,2016,08,19,08,46,1.2700000000004366
2016-08-19T08:47:00Z,6856.42,6857.57,6856.08,6857.44,0,2016,08,19,08,47,1.019999999999527
2016-08-19T08:48:00Z,6853.24,6856.47,6853.12,6856.4,0,2016,08,19,08,48,3.1599999999998545
2016-08-19T08:49:00Z,6854.44,6855.48,6853.19,6853.19,0,2016,08,19,08,49,1.25
2016-08-19T08:50:00Z,6854.71,6854.97,6854.34,6854.43,0,2016,08,19,08,50,0.27999999999974534
2016-08-19T08:51:00Z,6850.54,6854.91,6849.39,6854.74,0,2016,08,19,08,51,4.199999999999818
2016-08-19T08:52:00Z,6851.47,6852.77,6850.56,6850.56,0,2016,08,19,08,52,0.9099999999998545
2016-08-19T08:53:00Z,6852.27,6852.53,6851.04,6851.5,0,2016,08,19,08,53,0.7700000000004366
2016-08-19T08:54:00Z,6850.87,6852.97,6850.85,6852.28,0,2016,08,19,08,54,1.4099999999998545
2016-08-19T08:55:00Z,6852.33,6852.33,6850.3,6850.89,0,2016,08,19,08,55,1.4399999999995998
2016-08-19T08:56:00Z,6849.89,6852.54,6849.88,6852.35,0,2016,08,19,08,56,2.4600000000000364
2016-08-19T08:57:00Z,6851.54,6851.88,6849.82,6849.85,0,2016,08,19,08,57,1.6899999999995998
2016-08-19T08:58:00Z,6851.22,6851.55,6849.87,6851.55,0,2016,08,19,08,58,0.32999999999992724
2016-08-19T08:59:00Z,6855.01,6855.12,6851.17,6851.2,0,2016,08,19,08,59,3.8100000000004
2016-08-19T09:00:00Z,6855.4,6855.58,6854.6,6855.0,0,2016,08,19,09,00,0.3999999999996362
2016-08-19T09:01:00Z,6854.78,6856.52,6854.69,6855.45,0,2016,08,19,09,01,0.6700000000000728
2016-08-19T09:02:00Z,6855.19,6855.47,6854.64,6854.78,0,2016,08,19,09,02,0.4099999999998545
2016-08-19T09:03:00Z,6854.92,6855.56,6854.72,6855.18,0,2016,08,19,09,03,0.2600000000002183
2016-08-19T09:04:00Z,6854.59,6855.34,6854.41,6854.93,0,2016,08,19,09,04,0.3400000000001455
2016-08-19T09:05:00Z,6854.07,6854.65,6853.66,6854.63,0,2016,08,19,09,05,0.5600000000004002
2016-08-19T09:06:00Z,6852.3,6854.21,6852.3,6854.06,0,2016,08,19,09,06,1.7600000000002183
2016-08-19T09:07:00Z,6853.6,6854.55,6852.29,6852.29,0,2016,08,19,09,07,1.3100000000004002
2016-08-19T09:08:00Z,6851.82,6853.79,6851.82,6853.6,0,2016,08,19,09,08,1.7800000000006548
2016-08-19T09:09:00Z,6848.97,6852.21,6848.97,6851.87,0,2016,08,19,09,09,2.899999999999636
2016-08-19T09:10:00Z,6850.52,6850.52,6848.29,6848.94,0,2016,08,19,09,10,1.5800000000008367
2016-08-19T09:11:00Z,6850.5,6851.08,6849.66,6850.53,0,2016,08,19,09,11,0.02999999999974534
2016-08-19T09:12:00Z,6850.8,6851.03,6850.53,6850.58,0,2016,08,19,09,12,0.22000000000025466
2016-08-19T09:13:00Z,6849.66,6850.93,6849.66,6850.9,0,2016,08,19,09,13,1.2399999999997817
2016-08-19T09:14:00Z,6850.69,6850.87,6849.44,6849.63,0,2016,08,19,09,14,1.0599999999994907
2016-08-19T09:15:00Z,6852.85,6852.92,6850.48,6850.69,0,2016,08,19,09,15,2.160000000000764
2016-08-19T09:16:00Z,6854.04,6854.04,6852.44,6852.87,0,2016,08,19,09,16,1.1700000000000728
2016-08-19T09:17:00Z,6853.77,6854.06,6853.46,6854.06,0,2016,08,19,09,17,0.2899999999999636
2016-08-19T09:18:00Z,6851.04,6853.75,6851.04,6853.75,0,2016,08,19,09,18,2.7100000000000364
2016-08-19T09:19:00Z,6852.38,6852.39,6850.87,6851.04,0,2016,08,19,09,19,1.3400000000001455
2016-08-19T09:20:00Z,6852.05,6852.66,6851.95,6852.39,0,2016,08,19,09,20,0.3400000000001455
2016-08-19T09:21:00Z,6853.48,6853.61,6851.99,6852.04,0,2016,08,19,09,21,1.4399999999995998
2016-08-19T09:22:00Z,6854.9,6854.9,6853.38,6853.45,0,2016,08,19,09,22,1.449999999999818
2016-08-19T09:23:00Z,6855.52,6855.58,6854.6,6854.93,0,2016,08,19,09,23,0.5900000000001455
2016-08-19T09:24:00Z,6856.41,6856.41,6855.12,6855.43,0,2016,08,19,09,24,0.9799999999995634
2016-08-19T09:25:00Z,6852.68,6856.46,6852.68,6856.44,0,2016,08,19,09,25,3.759999999999309
2016-08-19T09:26:00Z,6852.78,6853.31,6851.72,6852.7,0,2016,08,19,09,26,0.07999999999992724
2016-08-19T09:27:00Z,6853.39,6853.7,6852.32,6852.8,0,2016,08,19,09,27,0.5900000000001455
2016-08-19T09:28:00Z,6853.1,6853.84,6852.92,6853.38,0,2016,08,19,09,28,0.27999999999974534
2016-08-19T09:29:00Z,6853.03,6853.08,6852.57,6853.08,0,2016,08,19,09,29,0.0500000000001819
2016-08-19T09:30:00Z,6854.69,6854.69,6852.73,6852.94,0,2016,08,19,09,30,1.75
2016-08-19T09:31:00Z,6853.48,6854.72,6852.74,6854.62,0,2016,08,19,09,31,1.1400000000003274
2016-08-19T09:32:00Z,6850.77,6853.55,6850.77,6853.47,0,2016,08,19,09,32,2.699999999999818
2016-08-19T09:33:00Z,6850.3,6850.76,6849.57,6850.76,0,2016,08,19,09,33,0.4600000000000364
2016-08-19T09:34:00Z,6851.07,6851.1,6849.76,6850.32,0,2016,08,19,09,34,0.75
2016-08-19T09:35:00Z,6852.29,6853.09,6850.96,6851.08,0,2016,08,19,09,35,1.2100000000000364
2016-08-19T09:36:00Z,6852.32,6852.71,6851.57,6852.33,0,2016,08,19,09,36,0.010000000000218279
2016-08-19T09:37:00Z,6851.73,6852.47,6851.45,6852.3,0,2016,08,19,09,37,0.5700000000006185
2016-08-19T09:38:00Z,6851.52,6851.81,6851.43,6851.73,0,2016,08,19,09,38,0.20999999999912689
2016-08-19T09:39:00Z,6852.81,6852.81,6851.53,6851.53,0,2016,08,19,09,39,1.2800000000006548
2016-08-19T09:40:00Z,6854.13,6854.13,6852.82,6852.82,0,2016,08,19,09,40,1.3100000000004002
2016-08-19T09:41:00Z,6855.87,6856.1,6854.03,6854.12,0,2016,08,19,09,41,1.75
2016-08-19T09:42:00Z,6855.18,6855.94,6855.16,6855.86,0,2016,08,19,09,42,0.6799999999993815
2016-08-19T09:43:00Z,6855.06,6855.99,6854.99,6855.19,0,2016,08,19,09,43,0.12999999999919964
2016-08-19T09:44:00Z,6857.39,6857.39,6854.96,6854.99,0,2016,08,19,09,44,2.4000000000005457
2016-08-19T09:45:00Z,6859.37,6859.53,6857.37,6857.4,0,2016,08,19,09,45,1.9700000000002547
2016-08-19T09:46:00Z,6859.62,6860.5,6859.41,6859.41,0,2016,08,19,09,46,0.21000000000003638
2016-08-19T09:47:00Z,6859.18,6859.73,6858.83,6859.67,0,2016,08,19,09,47,0.4899999999997817
2016-08-19T09:48:00Z,6860.32,6860.41,6859.02,6859.16,0,2016,08,19,09,48,1.1599999999998545
2016-08-19T09:49:00Z,6860.79,6860.83,6860.12,6860.3,0,2016,08,19,09,49,0.4899999999997817
2016-08-19T09:50:00Z,6859.76,6860.98,6859.76,6860.78,0,2016,08,19,09,50,1.019999999999527
2016-08-19T09:51:00Z,6860.35,6860.35,6859.41,6859.74,0,2016,08,19,09,51,0.6100000000005821
2016-08-19T09:52:00Z,6858.45,6861.35,6858.45,6860.28,0,2016,08,19,09,52,1.8299999999999272
2016-08-19T09:53:00Z,6857.79,6858.72,6857.79,6858.37,0,2016,08,19,09,53,0.5799999999999272
2016-08-19T09:54:00Z,6857.08,6857.94,6856.96,6857.78,0,2016,08,19,09,54,0.6999999999998181
2016-08-19T09:55:00Z,6857.28,6857.29,6856.75,6856.94,0,2016,08,19,09,55,0.3400000000001455
2016-08-19T09:56:00Z,6856.74,6857.63,6856.47,6857.31,0,2016,08,19,09,56,0.5700000000006185
2016-08-19T09:57:00Z,6855.43,6856.76,6855.43,6856.68,0,2016,08,19,09,57,1.25
2016-08-19T09:58:00Z,6855.0,6855.47,6854.22,6855.41,0,2016,08,19,09,58,0.4099999999998545
2016-08-19T09:59:00Z,6853.6,6854.97,6853.42,6854.97,0,2016,08,19,09,59,1.3699999999998909
2016-08-19T10:00:00Z,6853.64,6853.69,6853.18,6853.69,0,2016,08,19,10,00,0.049999999999272404
2016-08-19T10:01:00Z,6853.33,6853.98,6853.17,6853.65,0,2016,08,19,10,01,0.31999999999970896
2016-08-19T10:02:00Z,6852.77,6853.31,6852.32,6853.31,0,2016,08,19,10,02,0.5399999999999636
2016-08-19T10:03:00Z,6853.53,6853.55,6852.79,6852.82,0,2016,08,19,10,03,0.7100000000000364
2016-08-19T10:04:00Z,6854.22,6854.48,6853.46,6853.51,0,2016,08,19,10,04,0.7100000000000364
2016-08-19T10:05:00Z,6854.96,6855.02,6853.82,6854.18,0,2016,08,19,10,05,0.7799999999997453
2016-08-19T10:06:00Z,6854.31,6854.95,6854.21,6854.88,0,2016,08,19,10,06,0.569999999999709
2016-08-19T10:07:00Z,6856.84,6856.84,6854.31,6854.32,0,2016,08,19,10,07,2.5200000000004366
2016-08-19T10:08:00Z,6857.59,6857.95,6856.82,6856.82,0,2016,08,19,10,08,0.7700000000004366
2016-08-19T10:09:00Z,6858.2,6858.96,6857.35,6857.56,0,2016,08,19,10,09,0.6399999999994179
2016-08-19T10:10:00Z,6861.1,6861.1,6857.78,6858.2,0,2016,08,19,10,10,2.9000000000005457
2016-08-19T10:11:00Z,6861.1,6861.1,6861.1,6861.1,0,2016,08,19,10,11,0.0
2016-08-19T10:12:00Z,6861.1,6861.1,6861.1,6861.1,0,2016,08,19,10,12,0.0
2016-08-19T10:13:00Z,6861.1,6861.1,6861.1,6861.1,0,2016,08,19,10,13,0.0
2016-08-19T10:14:00Z,6861.1,6861.1,6861.1,6861.1,0,2016,08,19,10,14,0.0
2016-08-19T10:15:00Z,6860.95,6861.1,6860.73,6861.1,0,2016,08,19,10,15,0.1500000000005457
2016-08-19T10:16:00Z,6856.52,6861.14,6856.02,6860.95,0,2016,08,19,10,16,4.4299999999993815
2016-08-19T10:17:00Z,6857.7,6857.7,6855.26,6856.51,0,2016,08,19,10,17,1.1899999999995998
2016-08-19T10:18:00Z,6858.04,6858.48,6857.62,6857.63,0,2016,08,19,10,18,0.4099999999998545
2016-08-19T10:19:00Z,6858.66,6859.39,6857.76,6858.06,0,2016,08,19,10,19,0.5999999999994543
2016-08-19T10:20:00Z,6858.82,6858.9,6858.31,6858.67,0,2016,08,19,10,20,0.1499999999996362
2016-08-19T10:21:00Z,6857.64,6858.98,6857.23,6858.78,0,2016,08,19,10,21,1.139999999999418
2016-08-19T10:22:00Z,6858.02,6858.82,6857.51,6857.66,0,2016,08,19,10,22,0.3600000000005821
2016-08-19T10:23:00Z,6855.66,6858.21,6855.66,6858.04,0,2016,08,19,10,23,2.380000000000109
2016-08-19T10:24:00Z,6854.21,6855.79,6854.2,6855.67,0,2016,08,19,10,24,1.4600000000000364
2016-08-19T10:25:00Z,6852.58,6854.33,6852.38,6854.22,0,2016,08,19,10,25,1.6400000000003274
2016-08-19T10:26:00Z,6850.76,6852.62,6850.62,6852.6,0,2016,08,19,10,26,1.8400000000001455
2016-08-19T10:27:00Z,6851.72,6851.78,6850.43,6850.74,0,2016,08,19,10,27,0.9800000000004729
2016-08-19T10:28:00Z,6851.4,6852.24,6851.24,6851.74,0,2016,08,19,10,28,0.3400000000001455
2016-08-19T10:29:00Z,6850.14,6851.4,6849.97,6851.4,0,2016,08,19,10,29,1.2599999999993088
2016-08-19T10:30:00Z,6850.82,6851.24,6850.07,6850.11,0,2016,08,19,10,30,0.7100000000000364
2016-08-19T10:31:00Z,6850.52,6850.9,6850.21,6850.74,0,2016,08,19,10,31,0.21999999999934516
2016-08-19T10:32:00Z,6850.66,6850.66,6849.72,6850.47,0,2016,08,19,10,32,0.18999999999959982
2016-08-19T10:33:00Z,6852.49,6852.58,6850.69,6850.69,0,2016,08,19,10,33,1.800000000000182
2016-08-19T10:34:00Z,6853.98,6853.98,6852.3,6852.48,0,2016,08,19,10,34,1.5
2016-08-19T10:35:00Z,6853.72,6854.22,6853.34,6853.98,0,2016,08,19,10,35,0.2599999999993088
2016-08-19T10:36:00Z,6854.94,6854.95,6853.55,6853.71,0,2016,08,19,10,36,1.2299999999995634
2016-08-19T10:37:00Z,6855.66,6856.47,6854.95,6854.95,0,2016,08,19,10,37,0.7100000000000364
2016-08-19T10:38:00Z,6856.69,6856.9,6855.66,6855.66,0,2016,08,19,10,38,1.0299999999997453
2016-08-19T10:39:00Z,6856.59,6856.74,6856.28,6856.68,0,2016,08,19,10,39,0.09000000000014552
2016-08-19T10:40:00Z,6857.17,6857.17,6856.42,6856.52,0,2016,08,19,10,40,0.6499999999996362
2016-08-19T10:41:00Z,6857.47,6857.71,6856.95,6857.22,0,2016,08,19,10,41,0.25
2016-08-19T10:42:00Z,6856.6,6857.45,6856.35,6857.45,0,2016,08,19,10,42,0.8499999999994543
2016-08-19T10:43:00Z,6856.9,6856.9,6856.31,6856.65,0,2016,08,19,10,43,0.25
2016-08-19T10:44:00Z,6857.35,6857.41,6856.65,6856.92,0,2016,08,19,10,44,0.43000000000029104
2016-08-19T10:45:00Z,6858.23,6858.29,6857.18,6857.34,0,2016,08,19,10,45,0.8899999999994179
2016-08-19T10:46:00Z,6857.53,6858.31,6857.41,6858.22,0,2016,08,19,10,46,0.6900000000005093
2016-08-19T10:47:00Z,6855.49,6857.5,6855.43,6857.49,0,2016,08,19,10,47,2.0
2016-08-19T10:48:00Z,6854.26,6855.45,6854.26,6855.45,0,2016,08,19,10,48,1.1899999999995998
2016-08-19T10:49:00Z,6853.83,6854.29,6853.45,6854.28,0,2016,08,19,10,49,0.4499999999998181
2016-08-19T10:50:00Z,6854.66,6854.78,6853.85,6853.85,0,2016,08,19,10,50,0.8099999999994907
2016-08-19T10:51:00Z,6854.58,6854.79,6854.02,6854.69,0,2016,08,19,10,51,0.10999999999967258
2016-08-19T10:52:00Z,6854.65,6854.75,6854.46,6854.63,0,2016,08,19,10,52,0.019999999999527063
2016-08-19T10:53:00Z,6854.26,6854.72,6853.93,6854.68,0,2016,08,19,10,53,0.42000000000007276
2016-08-19T10:54:00Z,6854.29,6854.3,6853.96,6854.21,0,2016,08,19,10,54,0.07999999999992724
2016-08-19T10:55:00Z,6854.03,6854.38,6853.84,6854.25,0,2016,08,19,10,55,0.22000000000025466
2016-08-19T10:56:00Z,6852.57,6854.07,6852.57,6854.01,0,2016,08,19,10,56,1.4400000000005093
2016-08-19T10:57:00Z,6852.58,6852.76,6852.43,6852.58,0,2016,08,19,10,57,0.0
2016-08-19T10:58:00Z,6852.28,6852.57,6852.15,6852.57,0,2016,08,19,10,58,0.2899999999999636
2016-08-19T10:59:00Z,6852.52,6852.56,6851.87,6852.19,0,2016,08,19,10,59,0.33000000000083674
2016-08-19T11:00:00Z,6852.44,6853.31,6852.44,6852.52,0,2016,08,19,11,00,0.08000000000083674
2016-08-19T11:01:00Z,6851.93,6852.45,6851.79,6852.45,0,2016,08,19,11,01,0.5199999999995271
2016-08-19T11:02:00Z,6853.4,6853.49,6851.91,6851.94,0,2016,08,19,11,02,1.4600000000000364
2016-08-19T11:03:00Z,6853.53,6853.53,6852.66,6853.41,0,2016,08,19,11,03,0.11999999999989086
2016-08-19T11:04:00Z,6853.52,6853.96,6852.99,6853.54,0,2016,08,19,11,04,0.019999999999527063
2016-08-19T11:05:00Z,6852.83,6853.51,6852.77,6853.51,0,2016,08,19,11,05,0.680000000000291
2016-08-19T11:06:00Z,6853.24,6853.43,6852.74,6852.74,0,2016,08,19,11,06,0.5
2016-08-19T11:07:00Z,6852.78,6853.32,6852.78,6853.24,0,2016,08,19,11,07,0.4600000000000364
2016-08-19T11:08:00Z,6854.28,6854.32,6852.73,6852.73,0,2016,08,19,11,08,1.550000000000182
2016-08-19T11:09:00Z,6857.16,6857.16,6854.32,6854.32,0,2016,08,19,11,09,2.8400000000001455
2016-08-19T11:10:00Z,6859.18,6859.18,6857.21,6857.22,0,2016,08,19,11,10,1.9600000000000364
2016-08-19T11:11:00Z,6857.98,6859.45,6857.98,6859.22,0,2016,08,19,11,11,1.2400000000006912
2016-08-19T11:12:00Z,6857.85,6858.39,6857.68,6858.0,0,2016,08,19,11,12,0.1499999999996362
2016-08-19T11:13:00Z,6858.08,6858.08,6857.75,6857.87,0,2016,08,19,11,13,0.21000000000003638
2016-08-19T11:14:00Z,6858.15,6858.26,6857.91,6858.08,0,2016,08,19,11,14,0.06999999999970896
2016-08-19T11:15:00Z,6857.75,6858.12,6857.4,6858.12,0,2016,08,19,11,15,0.36999999999989086
2016-08-19T11:16:00Z,6857.26,6858.59,6857.2,6857.8,0,2016,08,19,11,16,0.5399999999999636
2016-08-19T11:17:00Z,6856.45,6857.28,6856.35,6857.28,0,2016,08,19,11,17,0.8299999999999272
2016-08-19T11:18:00Z,6856.94,6857.07,6856.42,6856.42,0,2016,08,19,11,18,0.5199999999995271
2016-08-19T11:19:00Z,6856.09,6856.93,6856.02,6856.93,0,2016,08,19,11,19,0.8400000000001455
2016-08-19T11:20:00Z,6855.92,6856.25,6855.86,6856.07,0,2016,08,19,11,20,0.1499999999996362
2016-08-19T11:21:00Z,6855.49,6856.1,6855.45,6855.91,0,2016,08,19,11,21,0.42000000000007276
2016-08-19T11:22:00Z,6855.85,6855.86,6855.04,6855.46,0,2016,08,19,11,22,0.3900000000003274
2016-08-19T11:23:00Z,6856.28,6856.5,6855.85,6855.86,0,2016,08,19,11,23,0.42000000000007276
2016-08-19T11:24:00Z,6856.65,6856.88,6856.17,6856.24,0,2016,08,19,11,24,0.4099999999998545
2016-08-19T11:25:00Z,6855.5,6856.64,6855.5,6856.64,0,2016,08,19,11,25,1.1400000000003274
2016-08-19T11:26:00Z,6855.6,6855.66,6855.28,6855.5,0,2016,08,19,11,26,0.1000000000003638
2016-08-19T11:27:00Z,6855.95,6856.04,6855.51,6855.67,0,2016,08,19,11,27,0.27999999999974534
2016-08-19T11:28:00Z,6854.72,6855.93,6854.63,6855.93,0,2016,08,19,11,28,1.2100000000000364
2016-08-19T11:29:00Z,6854.25,6854.69,6854.1,6854.69,0,2016,08,19,11,29,0.4399999999995998
2016-08-19T11:30:00Z,6854.11,6854.35,6853.88,6854.22,0,2016,08,19,11,30,0.11000000000058208
2016-08-19T11:31:00Z,6854.42,6854.58,6854.03,6854.05,0,2016,08,19,11,31,0.36999999999989086
2016-08-19T11:32:00Z,6854.9,6855.02,6854.37,6854.39,0,2016,08,19,11,32,0.5099999999993088
2016-08-19T11:33:00Z,6854.65,6855.15,6854.63,6854.87,0,2016,08,19,11,33,0.22000000000025466
2016-08-19T11:34:00Z,6855.32,6855.36,6854.73,6854.73,0,2016,08,19,11,34,0.5900000000001455
2016-08-19T11:35:00Z,6854.94,6855.39,6854.93,6855.35,0,2016,08,19,11,35,0.410000000000764
2016-08-19T11:36:00Z,6856.06,6856.17,6854.91,6854.92,0,2016,08,19,11,36,1.1400000000003274
2016-08-19T11:37:00Z,6856.85,6856.85,6855.75,6856.09,0,2016,08,19,11,37,0.7600000000002183
2016-08-19T11:38:00Z,6857.54,6857.55,6856.78,6856.93,0,2016,08,19,11,38,0.6099999999996726
2016-08-19T11:39:00Z,6857.56,6857.73,6857.41,6857.53,0,2016,08,19,11,39,0.030000000000654836
2016-08-19T11:40:00Z,6858.21,6858.23,6857.46,6857.56,0,2016,08,19,11,40,0.6499999999996362
2016-08-19T11:41:00Z,6858.74,6859.18,6858.24,6858.24,0,2016,08,19,11,41,0.5
2016-08-19T11:42:00Z,6859.24,6859.37,6858.6,6858.78,0,2016,08,19,11,42,0.4600000000000364
2016-08-19T11:43:00Z,6856.34,6859.21,6856.34,6859.21,0,2016,08,19,11,43,2.869999999999891
2016-08-19T11:44:00Z,6855.02,6856.37,6855.01,6856.33,0,2016,08,19,11,44,1.3099999999994907
2016-08-19T11:45:00Z,6855.14,6855.6,6854.99,6855.03,0,2016,08,19,11,45,0.11000000000058208
2016-08-19T11:46:00Z,6853.86,6855.63,6853.86,6855.15,0,2016,08,19,11,46,1.2899999999999636
2016-08-19T11:47:00Z,6852.31,6853.86,6852.21,6853.85,0,2016,08,19,11,47,1.5399999999999636
2016-08-19T11:48:00Z,6852.72,6852.72,6852.08,6852.28,0,2016,08,19,11,48,0.4400000000005093
2016-08-19T11:49:00Z,6852.53,6853.04,6852.5,6852.77,0,2016,08,19,11,49,0.24000000000069122
2016-08-19T11:50:00Z,6852.68,6852.75,6852.42,6852.49,0,2016,08,19,11,50,0.19000000000050932
2016-08-19T11:51:00Z,6853.14,6853.31,6852.71,6852.71,0,2016,08,19,11,51,0.43000000000029104
2016-08-19T11:52:00Z,6853.38,6853.7,6853.0,6853.1,0,2016,08,19,11,52,0.27999999999974534
2016-08-19T11:53:00Z,6853.37,6853.4,6852.7,6853.34,0,2016,08,19,11,53,0.02999999999974534
2016-08-19T11:54:00Z,6852.72,6853.39,6852.72,6853.35,0,2016,08,19,11,54,0.6300000000001091
2016-08-19T11:55:00Z,6852.47,6852.77,6852.47,6852.7,0,2016,08,19,11,55,0.22999999999956344
2016-08-19T11:56:00Z,6852.47,6852.63,6852.27,6852.44,0,2016,08,19,11,56,0.030000000000654836
2016-08-19T11:57:00Z,6852.89,6852.96,6851.86,6852.44,0,2016,08,19,11,57,0.4500000000007276
2016-08-19T11:58:00Z,6853.35,6853.62,6852.81,6852.9,0,2016,08,19,11,58,0.4500000000007276
2016-08-19T11:59:00Z,6853.01,6853.62,6852.99,6853.37,0,2016,08,19,11,59,0.3599999999996726
2016-08-19T12:00:00Z,6850.43,6852.98,6850.24,6852.98,0,2016,08,19,12,00,2.5499999999992724
2016-08-19T12:02:00Z,6850.49,6850.53,6850.45,6850.45,0,2016,08,19,12,02,0.03999999999996362
2016-08-19T12:03:00Z,6851.86,6851.86,6849.93,6850.49,0,2016,08,19,12,03,1.3699999999998909
2016-08-19T12:04:00Z,6852.16,6852.27,6851.76,6851.87,0,2016,08,19,12,04,0.2899999999999636
2016-08-19T12:05:00Z,6853.9,6854.05,6852.18,6852.21,0,2016,08,19,12,05,1.6899999999995998
2016-08-19T12:06:00Z,6854.65,6854.66,6853.76,6853.88,0,2016,08,19,12,06,0.7699999999995271
2016-08-19T12:07:00Z,6854.82,6854.82,6854.37,6854.66,0,2016,08,19,12,07,0.15999999999985448
2016-08-19T12:08:00Z,6854.79,6855.13,6854.67,6854.8,0,2016,08,19,12,08,0.010000000000218279
2016-08-19T12:09:00Z,6853.63,6854.77,6853.59,6854.77,0,2016,08,19,12,09,1.1400000000003274
2016-08-19T12:10:00Z,6853.47,6853.98,6853.47,6853.6,0,2016,08,19,12,10,0.13000000000010914
2016-08-19T12:11:00Z,6853.07,6853.64,6853.07,6853.45,0,2016,08,19,12,11,0.38000000000010914
2016-08-19T12:12:00Z,6854.22,6854.36,6853.01,6853.05,0,2016,08,19,12,12,1.1700000000000728
2016-08-19T12:13:00Z,6854.34,6854.55,6854.2,6854.22,0,2016,08,19,12,13,0.11999999999989086
2016-08-19T12:14:00Z,6854.52,6854.79,6854.28,6854.36,0,2016,08,19,12,14,0.16000000000076398
2016-08-19T12:15:00Z,6854.89,6855.48,6854.55,6854.58,0,2016,08,19,12,15,0.3100000000004002
2016-08-19T12:16:00Z,6854.55,6855.09,6854.12,6854.9,0,2016,08,19,12,16,0.3499999999994543
2016-08-19T12:17:00Z,6854.44,6854.65,6854.08,6854.52,0,2016,08,19,12,17,0.08000000000083674
2016-08-19T12:18:00Z,6854.82,6854.85,6854.28,6854.42,0,2016,08,19,12,18,0.3999999999996362
2016-08-19T12:19:00Z,6854.4,6854.92,6854.23,6854.79,0,2016,08,19,12,19,0.3900000000003274
2016-08-19T12:20:00Z,6855.34,6855.59,6854.36,6854.4,0,2016,08,19,12,20,0.9400000000005093
2016-08-19T12:21:00Z,6854.26,6855.47,6854.21,6855.36,0,2016,08,19,12,21,1.0999999999994543
2016-08-19T12:22:00Z,6855.54,6855.56,6854.21,6854.27,0,2016,08,19,12,22,1.269999999999527
2016-08-19T12:23:00Z,6856.76,6857.49,6855.5,6855.52,0,2016,08,19,12,23,1.2399999999997817
2016-08-19T12:24:00Z,6856.71,6857.16,6856.67,6856.74,0,2016,08,19,12,24,0.02999999999974534
2016-08-19T12:25:00Z,6855.21,6856.73,6855.21,6856.73,0,2016,08,19,12,25,1.519999999999527
2016-08-19T12:26:00Z,6854.17,6855.19,6854.17,6855.19,0,2016,08,19,12,26,1.019999999999527
2016-08-19T12:27:00Z,6852.36,6854.15,6852.33,6854.14,0,2016,08,19,12,27,1.7800000000006548
2016-08-19T12:28:00Z,6851.94,6852.69,6851.94,6852.33,0,2016,08,19,12,28,0.3900000000003274
2016-08-19T12:29:00Z,6851.72,6852.39,6851.7,6851.97,0,2016,08,19,12,29,0.25
2016-08-19T12:30:00Z,6852.44,6852.44,6851.06,6851.67,0,2016,08,19,12,30,0.7699999999995271
2016-08-19T12:31:00Z,6851.68,6852.54,6851.61,6852.45,0,2016,08,19,12,31,0.7699999999995271
2016-08-19T12:32:00Z,6851.64,6851.8,6851.11,6851.66,0,2016,08,19,12,32,0.019999999999527063
2016-08-19T12:33:00Z,6851.74,6851.93,6851.55,6851.64,0,2016,08,19,12,33,0.0999999999994543
2016-08-19T12:34:00Z,6851.71,6851.75,6851.49,6851.71,0,2016,08,19,12,34,0.0
2016-08-19T12:35:00Z,6851.68,6851.86,6851.44,6851.71,0,2016,08,19,12,35,0.02999999999974534
2016-08-19T12:36:00Z,6851.45,6851.75,6851.34,6851.68,0,2016,08,19,12,36,0.23000000000047294
2016-08-19T12:37:00Z,6851.67,6851.67,6851.23,6851.43,0,2016,08,19,12,37,0.23999999999978172
2016-08-19T12:38:00Z,6851.59,6851.78,6851.39,6851.65,0,2016,08,19,12,38,0.05999999999949068
2016-08-19T12:39:00Z,6851.4,6851.74,6851.28,6851.66,0,2016,08,19,12,39,0.2600000000002183
2016-08-19T12:40:00Z,6851.07,6851.48,6851.02,6851.43,0,2016,08,19,12,40,0.3600000000005821
2016-08-19T12:41:00Z,6850.9,6851.39,6850.9,6851.12,0,2016,08,19,12,41,0.22000000000025466
2016-08-19T12:42:00Z,6850.95,6851.07,6850.83,6850.94,0,2016,08,19,12,42,0.010000000000218279
2016-08-19T12:43:00Z,6850.46,6850.98,6850.44,6850.96,0,2016,08,19,12,43,0.5
2016-08-19T12:44:00Z,6850.07,6850.42,6849.91,6850.42,0,2016,08,19,12,44,0.3500000000003638
2016-08-19T12:45:00Z,6850.17,6850.52,6849.52,6850.05,0,2016,08,19,12,45,0.11999999999989086
2016-08-19T12:46:00Z,6849.94,6850.25,6849.87,6850.19,0,2016,08,19,12,46,0.25
2016-08-19T12:47:00Z,6850.21,6850.21,6849.88,6849.92,0,2016,08,19,12,47,0.2899999999999636
2016-08-19T12:48:00Z,6849.97,6850.25,6849.9,6850.18,0,2016,08,19,12,48,0.21000000000003638
2016-08-19T12:49:00Z,6849.02,6850.07,6848.94,6849.96,0,2016,08,19,12,49,0.9399999999995998
2016-08-19T12:50:00Z,6849.13,6849.37,6848.88,6849.05,0,2016,08,19,12,50,0.07999999999992724
2016-08-19T12:51:00Z,6845.51,6849.21,6845.5,6849.18,0,2016,08,19,12,51,3.6700000000000728
2016-08-19T12:52:00Z,6844.39,6845.51,6844.39,6845.51,0,2016,08,19,12,52,1.1199999999998909
2016-08-19T12:53:00Z,6844.39,6844.55,6844.18,6844.37,0,2016,08,19,12,53,0.020000000000436557
2016-08-19T12:54:00Z,6847.19,6847.39,6844.38,6844.41,0,2016,08,19,12,54,2.7799999999997453
2016-08-19T12:55:00Z,6847.56,6847.82,6846.95,6847.1,0,2016,08,19,12,55,0.4600000000000364
2016-08-19T12:56:00Z,6845.02,6847.53,6844.91,6847.53,0,2016,08,19,12,56,2.509999999999309
2016-08-19T12:57:00Z,6845.47,6845.52,6844.58,6844.99,0,2016,08,19,12,57,0.48000000000047294
2016-08-19T12:58:00Z,6847.14,6847.14,6845.43,6845.45,0,2016,08,19,12,58,1.6900000000005093
2016-08-19T12:59:00Z,6848.7,6848.82,6847.17,6847.17,0,2016,08,19,12,59,1.5299999999997453
2016-08-19T13:00:00Z,6848.59,6848.72,6848.37,6848.72,0,2016,08,19,01,00,0.13000000000010914
2016-08-19T13:01:00Z,6847.59,6848.71,6847.54,6848.62,0,2016,08,19,01,01,1.0299999999997453
2016-08-19T13:02:00Z,6847.93,6847.98,6846.81,6847.58,0,2016,08,19,01,02,0.3500000000003638
2016-08-19T13:03:00Z,6849.04,6849.04,6846.62,6847.91,0,2016,08,19,01,03,1.1300000000001091
2016-08-19T13:04:00Z,6851.31,6851.38,6849.02,6849.06,0,2016,08,19,01,04,2.25
2016-08-19T13:05:00Z,6851.02,6851.46,6850.91,6851.29,0,2016,08,19,01,05,0.26999999999952706
2016-08-19T13:06:00Z,6852.2,6852.32,6850.96,6850.97,0,2016,08,19,01,06,1.2299999999995634
2016-08-19T13:07:00Z,6853.09,6853.63,6852.19,6852.19,0,2016,08,19,01,07,0.9000000000005457
2016-08-19T13:08:00Z,6852.0,6853.2,6851.94,6853.06,0,2016,08,19,01,08,1.0600000000004002
2016-08-19T13:09:00Z,6854.06,6854.06,6851.51,6851.97,0,2016,08,19,01,09,2.0900000000001455
2016-08-19T13:10:00Z,6854.38,6854.41,6853.64,6854.01,0,2016,08,19,01,10,0.36999999999989086
2016-08-19T13:11:00Z,6854.09,6855.01,6853.58,6854.42,0,2016,08,19,01,11,0.32999999999992724
2016-08-19T13:12:00Z,6854.05,6854.14,6853.32,6854.14,0,2016,08,19,01,12,0.09000000000014552
2016-08-19T13:13:00Z,6854.3,6854.31,6853.84,6854.05,0,2016,08,19,01,13,0.25
2016-08-19T13:14:00Z,6854.16,6854.34,6853.8,6854.34,0,2016,08,19,01,14,0.18000000000029104
2016-08-19T13:15:00Z,6853.7,6854.3,6853.7,6854.14,0,2016,08,19,01,15,0.4400000000005093
2016-08-19T13:16:00Z,6853.36,6853.75,6853.36,6853.68,0,2016,08,19,01,16,0.32000000000061846
2016-08-19T13:17:00Z,6851.73,6853.51,6851.62,6853.38,0,2016,08,19,01,17,1.6500000000005457
2016-08-19T13:18:00Z,6852.81,6852.99,6851.63,6851.73,0,2016,08,19,01,18,1.0800000000008367
2016-08-19T13:19:00Z,6853.61,6853.61,6852.79,6852.79,0,2016,08,19,01,19,0.819999999999709
2016-08-19T13:20:00Z,6855.03,6855.03,6853.57,6853.61,0,2016,08,19,01,20,1.4200000000000728
2016-08-19T13:21:00Z,6855.03,6855.39,6854.81,6855.01,0,2016,08,19,01,21,0.019999999999527063
2016-08-19T13:22:00Z,6854.46,6855.14,6854.17,6855.05,0,2016,08,19,01,22,0.5900000000001455
2016-08-19T13:23:00Z,6854.76,6854.87,6854.42,6854.43,0,2016,08,19,01,23,0.32999999999992724
2016-08-19T13:24:00Z,6857.29,6857.3,6854.8,6854.8,0,2016,08,19,01,24,2.4899999999997817
2016-08-19T13:25:00Z,6857.96,6857.96,6857.14,6857.31,0,2016,08,19,01,25,0.6499999999996362
2016-08-19T13:26:00Z,6857.7,6858.31,6857.53,6857.92,0,2016,08,19,01,26,0.22000000000025466
2016-08-19T13:27:00Z,6858.23,6858.69,6857.67,6857.67,0,2016,08,19,01,27,0.5599999999994907
2016-08-19T13:28:00Z,6859.72,6859.95,6857.87,6858.2,0,2016,08,19,01,28,1.5200000000004366
2016-08-19T13:29:00Z,6861.43,6861.43,6859.67,6859.7,0,2016,08,19,01,29,1.730000000000473
2016-08-19T13:30:00Z,6862.49,6862.59,6861.36,6861.45,0,2016,08,19,01,30,1.0399999999999636
2016-08-19T13:31:00Z,6862.95,6862.97,6862.06,6862.41,0,2016,08,19,01,31,0.5399999999999636
2016-08-19T13:32:00Z,6862.12,6862.93,6862.08,6862.93,0,2016,08,19,01,32,0.8100000000004002
2016-08-19T13:33:00Z,6861.28,6862.09,6860.94,6862.09,0,2016,08,19,01,33,0.8100000000004002
2016-08-19T13:34:00Z,6860.94,6861.28,6860.72,6861.28,0,2016,08,19,01,34,0.3400000000001455
2016-08-19T13:35:00Z,6859.58,6861.01,6858.53,6860.91,0,2016,08,19,01,35,1.3299999999999272
2016-08-19T13:36:00Z,6860.81,6860.81,6859.49,6859.62,0,2016,08,19,01,36,1.1900000000005093
2016-08-19T13:37:00Z,6861.7,6861.96,6860.79,6860.79,0,2016,08,19,01,37,0.9099999999998545
2016-08-19T13:38:00Z,6861.58,6861.82,6861.31,6861.67,0,2016,08,19,01,38,0.09000000000014552
2016-08-19T13:39:00Z,6861.01,6861.61,6861.01,6861.6,0,2016,08,19,01,39,0.5900000000001455
2016-08-19T13:40:00Z,6862.25,6862.62,6860.98,6861.03,0,2016,08,19,01,40,1.2200000000002547
2016-08-19T13:41:00Z,6864.4,6864.63,6862.23,6862.24,0,2016,08,19,01,41,2.1599999999998545
2016-08-19T13:42:00Z,6864.48,6864.89,6864.05,6864.42,0,2016,08,19,01,42,0.05999999999949068
2016-08-19T13:43:00Z,6864.93,6865.09,6864.32,6864.55,0,2016,08,19,01,43,0.38000000000010914
2016-08-19T13:44:00Z,6864.42,6865.0,6864.31,6864.98,0,2016,08,19,01,44,0.5599999999994907
2016-08-19T13:45:00Z,6864.27,6865.16,6864.25,6864.4,0,2016,08,19,01,45,0.12999999999919964
2016-08-19T13:46:00Z,6864.05,6864.31,6863.8,6864.24,0,2016,08,19,01,46,0.18999999999959982
2016-08-19T13:47:00Z,6864.09,6864.73,6864.05,6864.05,0,2016,08,19,01,47,0.03999999999996362
2016-08-19T13:48:00Z,6863.85,6864.4,6863.34,6864.07,0,2016,08,19,01,48,0.21999999999934516
2016-08-19T13:49:00Z,6862.28,6863.93,6862.28,6863.92,0,2016,08,19,01,49,1.6400000000003274
2016-08-19T13:50:00Z,6862.28,6862.72,6862.2,6862.28,0,2016,08,19,01,50,0.0
2016-08-19T13:51:00Z,6862.15,6862.29,6861.62,6862.26,0,2016,08,19,01,51,0.11000000000058208
2016-08-19T13:52:00Z,6861.54,6862.26,6861.54,6862.12,0,2016,08,19,01,52,0.5799999999999272
2016-08-19T13:53:00Z,6861.51,6861.84,6861.17,6861.52,0,2016,08,19,01,53,0.010000000000218279
2016-08-19T13:54:00Z,6861.0,6861.56,6860.96,6861.56,0,2016,08,19,01,54,0.5600000000004002
2016-08-19T13:55:00Z,6860.55,6861.13,6860.54,6861.08,0,2016,08,19,01,55,0.5299999999997453
2016-08-19T13:56:00Z,6860.99,6861.06,6860.5,6860.52,0,2016,08,19,01,56,0.46999999999934516
2016-08-19T13:57:00Z,6861.26,6861.35,6860.87,6860.98,0,2016,08,19,01,57,0.28000000000065484
2016-08-19T13:58:00Z,6861.04,6861.29,6860.88,6861.29,0,2016,08,19,01,58,0.25
2016-08-19T13:59:00Z,6860.78,6861.29,6860.57,6861.05,0,2016,08,19,01,59,0.27000000000043656
2016-08-19T14:00:00Z,6860.89,6860.89,6859.72,6860.73,0,2016,08,19,02,00,0.16000000000076398
2016-08-19T14:01:00Z,6860.87,6861.35,6860.53,6860.89,0,2016,08,19,02,01,0.020000000000436557
2016-08-19T14:02:00Z,6860.84,6861.12,6860.31,6860.94,0,2016,08,19,02,02,0.0999999999994543
2016-08-19T14:03:00Z,6863.17,6863.17,6860.86,6860.88,0,2016,08,19,02,03,2.2899999999999636
2016-08-19T14:04:00Z,6863.79,6863.9,6863.21,6863.21,0,2016,08,19,02,04,0.5799999999999272
2016-08-19T14:05:00Z,6863.12,6863.78,6863.07,6863.78,0,2016,08,19,02,05,0.6599999999998545
2016-08-19T14:06:00Z,6862.25,6863.29,6862.25,6863.11,0,2016,08,19,02,06,0.8599999999996726
2016-08-19T14:07:00Z,6862.22,6862.26,6861.79,6862.23,0,2016,08,19,02,07,0.009999999999308784
2016-08-19T14:08:00Z,6862.44,6862.46,6861.76,6862.25,0,2016,08,19,02,08,0.18999999999959982
2016-08-19T14:09:00Z,6862.63,6862.63,6862.23,6862.43,0,2016,08,19,02,09,0.1999999999998181
2016-08-19T14:10:00Z,6862.49,6862.76,6862.16,6862.71,0,2016,08,19,02,10,0.22000000000025466
2016-08-19T14:11:00Z,6862.19,6862.54,6862.19,6862.48,0,2016,08,19,02,11,0.2899999999999636
2016-08-19T14:12:00Z,6861.85,6862.27,6861.58,6862.2,0,2016,08,19,02,12,0.3499999999994543
2016-08-19T14:13:00Z,6861.94,6862.07,6861.82,6861.83,0,2016,08,19,02,13,0.10999999999967258
2016-08-19T14:14:00Z,6862.55,6862.72,6861.93,6861.93,0,2016,08,19,02,14,0.6199999999998909
2016-08-19T14:15:00Z,6860.75,6862.53,6860.67,6862.53,0,2016,08,19,02,15,1.7799999999997453
2016-08-19T14:16:00Z,6861.23,6861.28,6860.75,6860.77,0,2016,08,19,02,16,0.4599999999991269
2016-08-19T14:17:00Z,6861.47,6861.47,6860.92,6861.2,0,2016,08,19,02,17,0.27000000000043656
2016-08-19T14:18:00Z,6861.36,6861.82,6861.36,6861.49,0,2016,08,19,02,18,0.13000000000010914
2016-08-19T14:19:00Z,6862.22,6862.22,6861.33,6861.37,0,2016,08,19,02,19,0.8500000000003638
2016-08-19T14:20:00Z,6862.82,6863.32,6862.18,6862.2,0,2016,08,19,02,20,0.6199999999998909
2016-08-19T14:21:00Z,6862.64,6863.23,6862.54,6862.8,0,2016,08,19,02,21,0.15999999999985448
2016-08-19T14:22:00Z,6861.92,6862.69,6861.18,6862.62,0,2016,08,19,02,22,0.6999999999998181
2016-08-19T14:23:00Z,6864.41,6864.41,6861.93,6861.93,0,2016,08,19,02,23,2.4799999999995634
2016-08-19T14:24:00Z,6868.02,6868.02,6864.41,6864.41,0,2016,08,19,02,24,3.610000000000582
2016-08-19T14:25:00Z,6868.91,6869.89,6868.02,6868.02,0,2016,08,19,02,25,0.8899999999994179
2016-08-19T14:26:00Z,6868.35,6869.26,6868.32,6868.92,0,2016,08,19,02,26,0.569999999999709
2016-08-19T14:27:00Z,6866.42,6868.46,6866.27,6868.34,0,2016,08,19,02,27,1.9200000000000728
2016-08-19T14:28:00Z,6866.52,6867.7,6866.47,6866.47,0,2016,08,19,02,28,0.0500000000001819
2016-08-19T14:29:00Z,6865.74,6866.54,6865.69,6866.54,0,2016,08,19,02,29,0.8000000000001819
2016-08-19T14:30:00Z,6865.95,6865.99,6864.83,6865.73,0,2016,08,19,02,30,0.22000000000025466
2016-08-19T14:31:00Z,6864.96,6867.03,6864.95,6865.98,0,2016,08,19,02,31,1.019999999999527
2016-08-19T14:32:00Z,6862.43,6865.03,6862.32,6864.98,0,2016,08,19,02,32,2.5499999999992724
2016-08-19T14:33:00Z,6862.29,6862.5,6860.84,6862.42,0,2016,08,19,02,33,0.13000000000010914
2016-08-19T14:34:00Z,6860.79,6862.29,6860.79,6862.28,0,2016,08,19,02,34,1.4899999999997817
2016-08-19T14:35:00Z,6859.06,6860.74,6857.94,6860.74,0,2016,08,19,02,35,1.6799999999993815
2016-08-19T14:36:00Z,6857.39,6859.26,6857.3,6859.06,0,2016,08,19,02,36,1.6700000000000728
2016-08-19T14:37:00Z,6856.0,6857.73,6855.88,6857.38,0,2016,08,19,02,37,1.3800000000001091
2016-08-19T14:38:00Z,6856.33,6856.62,6855.45,6856.0,0,2016,08,19,02,38,0.32999999999992724
2016-08-19T14:39:00Z,6858.56,6858.56,6856.19,6856.32,0,2016,08,19,02,39,2.240000000000691
2016-08-19T14:40:00Z,6851.37,6858.53,6851.37,6858.53,0,2016,08,19,02,40,7.1599999999998545
2016-08-19T14:41:00Z,6848.86,6851.41,6848.84,6851.41,0,2016,08,19,02,41,2.550000000000182
2016-08-19T14:42:00Z,6849.71,6849.8,6847.34,6848.84,0,2016,08,19,02,42,0.8699999999998909
2016-08-19T14:43:00Z,6852.37,6852.37,6849.51,6849.7,0,2016,08,19,02,43,2.6700000000000728
2016-08-19T14:44:00Z,6854.42,6855.11,6852.4,6852.4,0,2016,08,19,02,44,2.0200000000004366
2016-08-19T14:45:00Z,6854.19,6855.12,6853.67,6854.42,0,2016,08,19,02,45,0.23000000000047294
2016-08-19T14:46:00Z,6852.19,6854.19,6852.13,6854.18,0,2016,08,19,02,46,1.9900000000006912
2016-08-19T14:47:00Z,6850.33,6852.54,6850.33,6852.15,0,2016,08,19,02,47,1.819999999999709
2016-08-19T14:48:00Z,6849.04,6850.31,6847.71,6850.31,0,2016,08,19,02,48,1.2700000000004366
2016-08-19T14:49:00Z,6848.52,6849.19,6848.52,6849.02,0,2016,08,19,02,49,0.5
2016-08-19T14:50:00Z,6848.16,6848.51,6848.04,6848.51,0,2016,08,19,02,50,0.3500000000003638
2016-08-19T14:51:00Z,6848.25,6848.3,6847.5,6848.14,0,2016,08,19,02,51,0.10999999999967258
2016-08-19T14:52:00Z,6849.48,6849.8,6848.03,6848.24,0,2016,08,19,02,52,1.2399999999997817
2016-08-19T14:53:00Z,6850.42,6850.46,6849.04,6849.45,0,2016,08,19,02,53,0.9700000000002547
2016-08-19T14:54:00Z,6850.77,6850.77,6850.26,6850.44,0,2016,08,19,02,54,0.33000000000083674
2016-08-19T14:55:00Z,6849.44,6850.73,6849.35,6850.73,0,2016,08,19,02,55,1.2899999999999636
2016-08-19T14:56:00Z,6848.98,6849.54,6848.98,6849.43,0,2016,08,19,02,56,0.4500000000007276
2016-08-19T14:57:00Z,6850.65,6850.65,6848.85,6848.97,0,2016,08,19,02,57,1.6799999999993815
2016-08-19T14:58:00Z,6852.23,6852.88,6850.63,6850.66,0,2016,08,19,02,58,1.569999999999709
2016-08-19T14:59:00Z,6851.6,6852.36,6851.32,6852.22,0,2016,08,19,02,59,0.6199999999998909
2016-08-19T15:00:00Z,6848.05,6851.6,6848.0,6851.58,0,2016,08,19,03,00,3.5299999999997453
2016-08-19T15:01:00Z,6847.6,6848.6,6847.38,6848.05,0,2016,08,19,03,01,0.4499999999998181
2016-08-19T15:02:00Z,6847.32,6848.25,6847.26,6847.64,0,2016,08,19,03,02,0.32000000000061846
2016-08-19T15:03:00Z,6849.51,6849.51,6846.35,6847.33,0,2016,08,19,03,03,2.180000000000291
2016-08-19T15:04:00Z,6847.97,6849.56,6847.92,6849.51,0,2016,08,19,03,04,1.5399999999999636
2016-08-19T15:05:00Z,6846.69,6847.88,6846.68,6847.88,0,2016,08,19,03,05,1.1900000000005093
2016-08-19T15:06:00Z,6847.57,6848.04,6846.16,6846.66,0,2016,08,19,03,06,0.9099999999998545
2016-08-19T15:07:00Z,6847.36,6847.85,6847.27,6847.6,0,2016,08,19,03,07,0.24000000000069122
2016-08-19T15:08:00Z,6846.94,6847.38,6846.76,6847.38,0,2016,08,19,03,08,0.4400000000005093
2016-08-19T15:09:00Z,6846.96,6846.97,6846.36,6846.94,0,2016,08,19,03,09,0.020000000000436557
2016-08-19T15:10:00Z,6845.61,6846.96,6845.31,6846.96,0,2016,08,19,03,10,1.3500000000003638
2016-08-19T15:11:00Z,6847.81,6848.29,6845.62,6845.62,0,2016,08,19,03,11,2.1900000000005093
2016-08-19T15:12:00Z,6846.67,6847.8,6846.35,6847.8,0,2016,08,19,03,12,1.1300000000001091
2016-08-19T15:13:00Z,6842.19,6846.69,6842.04,6846.68,0,2016,08,19,03,13,4.490000000000691
2016-08-19T15:14:00Z,6843.46,6843.47,6842.14,6842.18,0,2016,08,19,03,14,1.2799999999997453
2016-08-19T15:15:00Z,6843.36,6844.62,6843.26,6843.45,0,2016,08,19,03,15,0.09000000000014552
2016-08-19T15:16:00Z,6844.25,6844.35,6843.24,6843.35,0,2016,08,19,03,16,0.8999999999996362
2016-08-19T15:17:00Z,6843.99,6844.49,6843.54,6844.24,0,2016,08,19,03,17,0.25
2016-08-19T15:18:00Z,6842.62,6843.99,6842.34,6843.99,0,2016,08,19,03,18,1.3699999999998909
2016-08-19T15:19:00Z,6841.84,6842.65,6840.94,6842.65,0,2016,08,19,03,19,0.8099999999994907
2016-08-19T15:20:00Z,6842.22,6842.33,6841.29,6841.77,0,2016,08,19,03,20,0.4499999999998181
2016-08-19T15:21:00Z,6845.54,6845.54,6841.91,6842.33,0,2016,08,19,03,21,3.2100000000000364
2016-08-19T15:22:00Z,6846.47,6846.69,6845.48,6845.53,0,2016,08,19,03,22,0.9400000000005093
2016-08-19T15:23:00Z,6846.56,6847.33,6846.16,6846.47,0,2016,08,19,03,23,0.09000000000014552
2016-08-19T15:24:00Z,6846.27,6846.61,6846.01,6846.61,0,2016,08,19,03,24,0.339999999999236
2016-08-19T15:25:00Z,6846.74,6846.74,6846.02,6846.26,0,2016,08,19,03,25,0.47999999999956344
2016-08-19T15:26:00Z,6847.3,6847.4,6846.66,6846.76,0,2016,08,19,03,26,0.5399999999999636
2016-08-19T15:27:00Z,6847.47,6847.76,6847.17,6847.31,0,2016,08,19,03,27,0.15999999999985448
2016-08-19T15:28:00Z,6847.13,6847.46,6846.46,6847.46,0,2016,08,19,03,28,0.32999999999992724
2016-08-19T15:29:00Z,6847.62,6848.55,6847.12,6847.12,0,2016,08,19,03,29,0.5
2016-08-19T15:30:00Z,6853.61,6853.61,6847.59,6847.59,0,2016,08,19,03,30,6.019999999999527
2016-08-19T15:31:00Z,6855.33,6855.33,6853.18,6853.63,0,2016,08,19,03,31,1.699999999999818
2016-08-19T15:32:00Z,6855.88,6856.81,6855.3,6855.3,0,2016,08,19,03,32,0.5799999999999272
2016-08-19T15:33:00Z,6855.79,6856.3,6855.79,6855.93,0,2016,08,19,03,33,0.14000000000032742
2016-08-19T15:34:00Z,6854.63,6855.97,6854.59,6855.8,0,2016,08,19,03,34,1.1700000000000728
2016-08-19T15:35:00Z,6853.73,6854.74,6853.51,6854.59,0,2016,08,19,03,35,0.8600000000005821
2016-08-19T15:36:00Z,6854.48,6855.97,6853.67,6853.68,0,2016,08,19,03,36,0.7999999999992724
2016-08-19T15:37:00Z,6855.8,6857.04,6854.59,6854.59,0,2016,08,19,03,37,1.2100000000000364
2016-08-19T15:38:00Z,6854.21,6855.78,6854.17,6855.78,0,2016,08,19,03,38,1.569999999999709
2016-08-19T15:39:00Z,6853.65,6854.23,6853.52,6854.22,0,2016,08,19,03,39,0.5700000000006185
2016-08-19T15:40:00Z,6852.44,6853.79,6852.44,6853.59,0,2016,08,19,03,40,1.1500000000005457
2016-08-19T15:41:00Z,6852.7,6853.04,6852.44,6852.48,0,2016,08,19,03,41,0.22000000000025466
2016-08-19T15:42:00Z,6852.81,6853.05,6852.58,6852.7,0,2016,08,19,03,42,0.11000000000058208
2016-08-19T15:43:00Z,6853.16,6853.4,6852.73,6852.82,0,2016,08,19,03,43,0.3400000000001455
2016-08-19T15:44:00Z,6856.77,6857.57,6853.2,6853.2,0,2016,08,19,03,44,3.5700000000006185
2016-08-19T15:45:00Z,6855.5,6856.89,6855.39,6856.78,0,2016,08,19,03,45,1.2799999999997453
2016-08-19T15:46:00Z,6855.13,6855.57,6855.13,6855.48,0,2016,08,19,03,46,0.3499999999994543
2016-08-19T15:47:00Z,6856.76,6857.35,6855.11,6855.16,0,2016,08,19,03,47,1.6000000000003638
2016-08-19T15:48:00Z,6854.57,6856.78,6854.51,6856.75,0,2016,08,19,03,48,2.180000000000291
2016-08-19T15:49:00Z,6855.45,6855.8,6854.57,6854.57,0,2016,08,19,03,49,0.8800000000001091
2016-08-19T15:50:00Z,6854.41,6855.69,6854.41,6855.46,0,2016,08,19,03,50,1.050000000000182
2016-08-19T15:51:00Z,6853.81,6854.67,6853.74,6854.43,0,2016,08,19,03,51,0.6199999999998909
2016-08-19T15:52:00Z,6853.6,6854.37,6853.45,6853.81,0,2016,08,19,03,52,0.21000000000003638
2016-08-19T15:53:00Z,6853.92,6853.98,6853.26,6853.56,0,2016,08,19,03,53,0.3599999999996726
2016-08-19T15:54:00Z,6854.16,6854.57,6853.68,6853.84,0,2016,08,19,03,54,0.31999999999970896
2016-08-19T15:55:00Z,6854.25,6854.73,6854.01,6854.12,0,2016,08,19,03,55,0.13000000000010914
2016-08-19T15:56:00Z,6855.69,6855.7,6854.24,6854.24,0,2016,08,19,03,56,1.449999999999818
2016-08-19T15:57:00Z,6854.69,6855.7,6854.39,6855.7,0,2016,08,19,03,57,1.0100000000002183
2016-08-19T15:58:00Z,6853.93,6854.92,6853.81,6854.71,0,2016,08,19,03,58,0.7799999999997453
2016-08-19T15:59:00Z,6855.32,6855.42,6854.03,6854.03,0,2016,08,19,03,59,1.2899999999999636
2016-08-19T16:00:00Z,6855.32,6855.92,6855.29,6855.29,0,2016,08,19,04,00,0.02999999999974534
2016-08-19T16:01:00Z,6857.06,6857.12,6855.07,6855.34,0,2016,08,19,04,01,1.7200000000002547
2016-08-19T16:02:00Z,6858.07,6858.26,6857.07,6857.13,0,2016,08,19,04,02,0.9399999999995998
2016-08-19T16:03:00Z,6857.43,6858.06,6856.52,6858.06,0,2016,08,19,04,03,0.6300000000001091
2016-08-19T16:04:00Z,6859.61,6859.65,6857.44,6857.44,0,2016,08,19,04,04,2.1700000000000728
2016-08-19T16:05:00Z,6859.74,6860.06,6859.44,6859.63,0,2016,08,19,04,05,0.10999999999967258
2016-08-19T16:06:00Z,6859.52,6859.94,6859.49,6859.74,0,2016,08,19,04,06,0.21999999999934516
2016-08-19T16:07:00Z,6858.81,6860.57,6858.81,6859.53,0,2016,08,19,04,07,0.7199999999993452
2016-08-19T16:08:00Z,6859.37,6859.52,6858.76,6858.82,0,2016,08,19,04,08,0.5500000000001819
2016-08-19T16:09:00Z,6859.4,6859.5,6858.71,6859.38,0,2016,08,19,04,09,0.019999999999527063
2016-08-19T16:10:00Z,6859.58,6860.15,6859.37,6859.41,0,2016,08,19,04,10,0.17000000000007276
2016-08-19T16:11:00Z,6858.84,6859.87,6858.8,6859.6,0,2016,08,19,04,11,0.7600000000002183
2016-08-19T16:12:00Z,6858.87,6858.87,6857.85,6858.85,0,2016,08,19,04,12,0.019999999999527063
2016-08-19T16:13:00Z,6857.86,6858.85,6857.71,6858.85,0,2016,08,19,04,13,0.9900000000006912
2016-08-19T16:14:00Z,6857.18,6857.97,6857.05,6857.89,0,2016,08,19,04,14,0.7100000000000364
2016-08-19T16:15:00Z,6856.93,6857.15,6856.27,6857.15,0,2016,08,19,04,15,0.21999999999934516
2016-08-19T16:16:00Z,6856.73,6857.31,6856.73,6856.95,0,2016,08,19,04,16,0.22000000000025466
2016-08-19T16:17:00Z,6857.18,6857.4,6856.31,6856.71,0,2016,08,19,04,17,0.47000000000025466
2016-08-19T16:18:00Z,6855.51,6857.16,6855.39,6857.16,0,2016,08,19,04,18,1.6499999999996362
2016-08-19T16:19:00Z,6856.35,6856.54,6855.39,6855.49,0,2016,08,19,04,19,0.8600000000005821
2016-08-19T16:20:00Z,6857.19,6857.52,6855.56,6856.32,0,2016,08,19,04,20,0.8699999999998909
2016-08-19T16:21:00Z,6857.16,6857.28,6856.67,6857.17,0,2016,08,19,04,21,0.010000000000218279
2016-08-19T16:22:00Z,6856.42,6857.12,6856.19,6857.12,0,2016,08,19,04,22,0.6999999999998181
2016-08-19T16:23:00Z,6857.21,6857.23,6856.43,6856.46,0,2016,08,19,04,23,0.75
2016-08-19T16:24:00Z,6858.0,6858.74,6857.22,6857.22,0,2016,08,19,04,24,0.7799999999997453
2016-08-19T16:25:00Z,6858.38,6858.4,6857.92,6857.99,0,2016,08,19,04,25,0.3900000000003274
2016-08-19T16:26:00Z,6859.98,6860.64,6858.37,6858.37,0,2016,08,19,04,26,1.6099999999996726
2016-08-19T16:27:00Z,6858.09,6860.19,6858.04,6860.01,0,2016,08,19,04,27,1.9200000000000728
2016-08-19T16:28:00Z,6856.65,6858.29,6856.63,6857.99,0,2016,08,19,04,28,1.3400000000001455
2016-08-19T16:29:00Z,6857.29,6857.76,6856.45,6856.67,0,2016,08,19,04,29,0.6199999999998909
2016-08-19T16:30:00Z,6857.54,6858.41,6855.82,6857.31,0,2016,08,19,04,30,0.22999999999956344
2016-08-22T08:00:00Z,6858.95,6858.95,6858.95,6858.95,0,2016,08,22,08,00,0.0
2016-08-22T08:01:00Z,6844.01,6859.6,6843.78,6859.4,0,2016,08,22,08,01,15.389999999999418
2016-08-22T08:02:00Z,6850.31,6850.63,6840.03,6844.16,0,2016,08,22,08,02,6.150000000000546
2016-08-22T08:03:00Z,6854.42,6854.55,6849.45,6850.38,0,2016,08,22,08,03,4.039999999999964
2016-08-22T08:04:00Z,6855.03,6856.58,6854.39,6854.48,0,2016,08,22,08,04,0.5500000000001819
2016-08-22T08:05:00Z,6854.29,6856.35,6853.93,6855.22,0,2016,08,22,08,05,0.930000000000291
2016-08-22T08:06:00Z,6852.62,6855.61,6852.62,6854.2,0,2016,08,22,08,06,1.5799999999999272
2016-08-22T08:07:00Z,6840.78,6852.66,6840.74,6852.66,0,2016,08,22,08,07,11.88000000000011
2016-08-22T08:08:00Z,6840.26,6841.3,6839.0,6840.78,0,2016,08,22,08,08,0.5199999999995271
2016-08-22T08:09:00Z,6838.94,6840.88,6838.91,6840.28,0,2016,08,22,08,09,1.3400000000001455
2016-08-22T08:10:00Z,6837.7,6838.99,6837.25,6838.93,0,2016,08,22,08,10,1.230000000000473
2016-08-22T08:11:00Z,6837.96,6838.23,6836.06,6837.75,0,2016,08,22,08,11,0.21000000000003638
2016-08-22T08:12:00Z,6839.41,6839.43,6837.52,6837.98,0,2016,08,22,08,12,1.430000000000291
2016-08-22T08:13:00Z,6841.05,6841.32,6839.03,6839.44,0,2016,08,22,08,13,1.610000000000582
2016-08-22T08:14:00Z,6840.11,6841.79,6839.31,6841.03,0,2016,08,22,08,14,0.9200000000000728
2016-08-22T08:15:00Z,6839.62,6840.88,6838.09,6840.09,0,2016,08,22,08,15,0.47000000000025466
2016-08-22T08:16:00Z,6849.57,6850.32,6839.53,6839.65,0,2016,08,22,08,16,9.920000000000073
2016-08-22T08:17:00Z,6847.6,6849.6,6847.37,6849.54,0,2016,08,22,08,17,1.9399999999995998
2016-08-22T08:18:00Z,6847.08,6847.68,6845.44,6847.5,0,2016,08,22,08,18,0.42000000000007276
2016-08-22T08:19:00Z,6844.94,6847.06,6844.92,6847.06,0,2016,08,22,08,19,2.1200000000008004
2016-08-22T08:20:00Z,6841.24,6844.89,6841.0,6844.89,0,2016,08,22,08,20,3.6500000000005457
2016-08-22T08:21:00Z,6846.97,6847.02,6841.2,6841.25,0,2016,08,22,08,21,5.720000000000255
2016-08-22T08:22:00Z,6843.85,6847.06,6843.7,6846.98,0,2016,08,22,08,22,3.1299999999991996
2016-08-22T08:23:00Z,6852.58,6852.95,6843.84,6843.84,0,2016,08,22,08,23,8.739999999999782
2016-08-22T08:24:00Z,6859.97,6860.0,6852.63,6852.63,0,2016,08,22,08,24,7.3400000000001455
2016-08-22T08:25:00Z,6866.75,6866.75,6859.55,6859.99,0,2016,08,22,08,25,6.760000000000218
2016-08-22T08:26:00Z,6866.51,6867.05,6866.02,6866.67,0,2016,08,22,08,26,0.15999999999985448
2016-08-22T08:27:00Z,6866.1,6867.52,6865.57,6866.47,0,2016,08,22,08,27,0.36999999999989086
2016-08-22T08:28:00Z,6864.25,6866.03,6863.21,6866.02,0,2016,08,22,08,28,1.7700000000004366
2016-08-22T08:29:00Z,6864.47,6865.07,6863.79,6864.27,0,2016,08,22,08,29,0.1999999999998181
2016-08-22T08:30:00Z,6864.46,6865.08,6863.94,6864.49,0,2016,08,22,08,30,0.02999999999974534
2016-08-22T08:31:00Z,6865.65,6865.65,6863.94,6864.48,0,2016,08,22,08,31,1.1700000000000728
2016-08-22T08:32:00Z,6865.74,6866.63,6864.82,6865.6,0,2016,08,22,08,32,0.13999999999941792
2016-08-22T08:33:00Z,6868.19,6868.5,6865.66,6865.74,0,2016,08,22,08,33,2.449999999999818
2016-08-22T08:34:00Z,6873.19,6873.32,6868.08,6868.1,0,2016,08,22,08,34,5.089999999999236
2016-08-22T08:35:00Z,6874.73,6875.48,6873.21,6873.21,0,2016,08,22,08,35,1.519999999999527
2016-08-22T08:36:00Z,6872.97,6875.8,6872.53,6874.76,0,2016,08,22,08,36,1.7899999999999636
2016-08-22T08:37:00Z,6873.39,6874.66,6872.18,6872.95,0,2016,08,22,08,37,0.4400000000005093
2016-08-22T08:38:00Z,6871.29,6873.38,6871.26,6873.38,0,2016,08,22,08,38,2.0900000000001455
2016-08-22T08:39:00Z,6869.78,6871.3,6869.5,6871.3,0,2016,08,22,08,39,1.5200000000004366
2016-08-22T08:40:00Z,6869.68,6870.05,6869.48,6869.78,0,2016,08,22,08,40,0.0999999999994543
2016-08-22T08:41:00Z,6869.88,6870.73,6869.52,6869.53,0,2016,08,22,08,41,0.3500000000003638
2016-08-22T08:42:00Z,6870.02,6870.11,6869.53,6869.83,0,2016,08,22,08,42,0.19000000000050932
2016-08-22T08:43:00Z,6870.18,6870.18,6869.51,6869.99,0,2016,08,22,08,43,0.19000000000050932
2016-08-22T08:44:00Z,6869.49,6871.04,6869.36,6870.14,0,2016,08,22,08,44,0.6500000000005457
2016-08-22T08:45:00Z,6867.68,6869.34,6867.61,6869.34,0,2016,08,22,08,45,1.6599999999998545
2016-08-22T08:46:00Z,6868.25,6868.34,6866.93,6867.7,0,2016,08,22,08,46,0.5500000000001819
2016-08-22T08:47:00Z,6870.22,6870.22,6868.08,6868.26,0,2016,08,22,08,47,1.9600000000000364
2016-08-22T08:48:00Z,6871.73,6871.9,6870.27,6870.29,0,2016,08,22,08,48,1.4399999999995998
2016-08-22T08:49:00Z,6872.31,6872.31,6871.03,6871.72,0,2016,08,22,08,49,0.5900000000001455
2016-08-22T08:50:00Z,6871.02,6872.7,6871.01,6872.3,0,2016,08,22,08,50,1.2799999999997453
2016-08-22T08:51:00Z,6873.33,6873.89,6870.57,6871.01,0,2016,08,22,08,51,2.319999999999709
2016-08-22T08:52:00Z,6870.55,6873.8,6870.55,6873.32,0,2016,08,22,08,52,2.769999999999527
2016-08-22T08:53:00Z,6869.61,6870.54,6869.39,6870.54,0,2016,08,22,08,53,0.930000000000291
2016-08-22T08:54:00Z,6873.39,6873.59,6869.6,6869.6,0,2016,08,22,08,54,3.7899999999999636
2016-08-22T08:55:00Z,6875.43,6876.94,6873.41,6873.41,0,2016,08,22,08,55,2.0200000000004366
2016-08-22T08:56:00Z,6876.59,6876.91,6875.39,6875.41,0,2016,08,22,08,56,1.180000000000291
2016-08-22T08:57:00Z,6875.14,6876.7,6875.1,6876.61,0,2016,08,22,08,57,1.4699999999993452
2016-08-22T08:58:00Z,6874.77,6875.96,6874.5,6875.18,0,2016,08,22,08,58,0.4099999999998545
2016-08-22T08:59:00Z,6875.96,6876.13,6874.48,6874.75,0,2016,08,22,08,59,1.2100000000000364
2016-08-22T09:00:00Z,6874.7,6876.55,6874.7,6875.94,0,2016,08,22,09,00,1.2399999999997817
2016-08-22T09:01:00Z,6875.52,6875.63,6874.71,6874.72,0,2016,08,22,09,01,0.8000000000001819
2016-08-22T09:02:00Z,6873.77,6876.83,6873.71,6875.55,0,2016,08,22,09,02,1.7799999999997453
2016-08-22T09:03:00Z,6872.1,6873.91,6872.1,6873.77,0,2016,08,22,09,03,1.6700000000000728
2016-08-22T09:04:00Z,6871.68,6872.94,6871.68,6872.08,0,2016,08,22,09,04,0.3999999999996362
2016-08-22T09:05:00Z,6872.78,6872.83,6870.77,6871.5,0,2016,08,22,09,05,1.2799999999997453
2016-08-22T09:06:00Z,6872.81,6873.84,6872.59,6872.83,0,2016,08,22,09,06,0.019999999999527063
2016-08-22T09:07:00Z,6871.12,6873.03,6871.07,6872.76,0,2016,08,22,09,07,1.6400000000003274
2016-08-22T09:08:00Z,6871.15,6871.44,6870.31,6871.12,0,2016,08,22,09,08,0.02999999999974534
2016-08-22T09:09:00Z,6873.13,6873.13,6870.89,6871.11,0,2016,08,22,09,09,2.0200000000004366
2016-08-22T09:10:00Z,6872.62,6873.33,6872.31,6873.21,0,2016,08,22,09,10,0.5900000000001455
2016-08-22T09:11:00Z,6873.83,6873.95,6872.73,6872.77,0,2016,08,22,09,11,1.0599999999994907
2016-08-22T09:12:00Z,6875.15,6875.38,6873.62,6873.84,0,2016,08,22,09,12,1.3099999999994907
2016-08-22T09:13:00Z,6874.62,6875.39,6873.95,6875.19,0,2016,08,22,09,13,0.569999999999709
2016-08-22T09:14:00Z,6883.91,6883.91,6874.64,6874.64,0,2016,08,22,09,14,9.269999999999527
2016-08-22T09:15:00Z,6883.06,6884.61,6883.05,6883.94,0,2016,08,22,09,15,0.8799999999991996
2016-08-22T09:16:00Z,6882.01,6883.05,6881.63,6883.05,0,2016,08,22,09,16,1.0399999999999636
2016-08-22T09:17:00Z,6884.06,6884.09,6882.02,6882.04,0,2016,08,22,09,17,2.0200000000004366
2016-08-22T09:18:00Z,6881.01,6884.37,6881.01,6884.06,0,2016,08,22,09,18,3.050000000000182
2016-08-22T09:19:00Z,6878.53,6881.46,6878.41,6881.0,0,2016,08,22,09,19,2.4700000000002547
2016-08-22T09:20:00Z,6877.07,6878.51,6876.81,6878.46,0,2016,08,22,09,20,1.3900000000003274
2016-08-22T09:21:00Z,6873.68,6877.09,6873.07,6877.06,0,2016,08,22,09,21,3.380000000000109
2016-08-22T09:22:00Z,6873.59,6873.91,6873.2,6873.69,0,2016,08,22,09,22,0.0999999999994543
2016-08-22T09:23:00Z,6871.65,6873.63,6871.59,6873.59,0,2016,08,22,09,23,1.9400000000005093
2016-08-22T09:24:00Z,6870.99,6871.8,6870.96,6871.67,0,2016,08,22,09,24,0.680000000000291
2016-08-22T09:25:00Z,6869.15,6871.11,6869.05,6871.01,0,2016,08,22,09,25,1.860000000000582
2016-08-22T09:26:00Z,6867.11,6869.46,6866.89,6869.12,0,2016,08,22,09,26,2.0100000000002183
2016-08-22T09:27:00Z,6867.91,6868.02,6867.11,6867.11,0,2016,08,22,09,27,0.8000000000001819
2016-08-22T09:28:00Z,6866.69,6867.99,6866.69,6867.99,0,2016,08,22,09,28,1.300000000000182
2016-08-22T09:29:00Z,6866.52,6866.81,6865.99,6866.73,0,2016,08,22,09,29,0.20999999999912689
2016-08-22T09:30:00Z,6865.11,6866.59,6863.32,6866.57,0,2016,08,22,09,30,1.4600000000000364
2016-08-22T09:31:00Z,6865.34,6866.31,6865.08,6865.13,0,2016,08,22,09,31,0.21000000000003638
2016-08-22T09:32:00Z,6865.61,6866.14,6865.28,6865.37,0,2016,08,22,09,32,0.23999999999978172
2016-08-22T09:33:00Z,6864.42,6865.64,6864.21,6865.62,0,2016,08,22,09,33,1.199999999999818
2016-08-22T09:34:00Z,6864.98,6864.98,6863.04,6864.41,0,2016,08,22,09,34,0.569999999999709
2016-08-22T09:35:00Z,6864.38,6865.05,6864.0,6865.0,0,2016,08,22,09,35,0.6199999999998909
2016-08-22T09:36:00Z,6863.83,6864.7,6863.65,6864.39,0,2016,08,22,09,36,0.5600000000004002
2016-08-22T09:37:00Z,6863.94,6864.44,6863.82,6863.82,0,2016,08,22,09,37,0.11999999999989086
2016-08-22T09:38:00Z,6864.25,6864.35,6863.79,6863.91,0,2016,08,22,09,38,0.3400000000001455
2016-08-22T09:39:00Z,6863.37,6864.34,6863.3,6864.22,0,2016,08,22,09,39,0.8500000000003638
2016-08-22T09:40:00Z,6861.79,6863.34,6861.79,6863.33,0,2016,08,22,09,40,1.5399999999999636
2016-08-22T09:41:00Z,6860.19,6861.77,6860.16,6861.77,0,2016,08,22,09,41,1.5800000000008367
2016-08-22T09:42:00Z,6859.87,6860.4,6859.84,6860.17,0,2016,08,22,09,42,0.3000000000001819
2016-08-22T09:43:00Z,6861.75,6861.79,6859.88,6859.92,0,2016,08,22,09,43,1.8299999999999272
2016-08-22T09:44:00Z,6860.04,6861.81,6859.79,6861.77,0,2016,08,22,09,44,1.730000000000473
2016-08-22T09:45:00Z,6859.4,6860.32,6859.35,6860.08,0,2016,08,22,09,45,0.680000000000291
2016-08-22T09:46:00Z,6861.05,6861.05,6858.92,6859.38,0,2016,08,22,09,46,1.6700000000000728
2016-08-22T09:47:00Z,6863.3,6864.1,6860.94,6861.06,0,2016,08,22,09,47,2.2399999999997817
2016-08-22T09:48:00Z,6864.03,6864.25,6863.34,6863.35,0,2016,08,22,09,48,0.6799999999993815
2016-08-22T09:49:00Z,6865.0,6865.0,6863.73,6864.04,0,2016,08,22,09,49,0.9600000000000364
2016-08-22T09:50:00Z,6864.93,6865.05,6864.64,6865.03,0,2016,08,22,09,50,0.0999999999994543
2016-08-22T09:51:00Z,6862.75,6864.96,6862.37,6864.94,0,2016,08,22,09,51,2.1899999999996
2016-08-22T09:52:00Z,6863.75,6863.76,6861.75,6862.77,0,2016,08,22,09,52,0.9799999999995634
2016-08-22T09:53:00Z,6863.78,6864.59,6863.68,6863.76,0,2016,08,22,09,53,0.019999999999527063
2016-08-22T09:54:00Z,6863.53,6864.09,6863.47,6863.79,0,2016,08,22,09,54,0.2600000000002183
2016-08-22T09:55:00Z,6862.84,6863.78,6862.84,6863.56,0,2016,08,22,09,55,0.7200000000002547
2016-08-22T09:56:00Z,6862.15,6863.33,6862.15,6862.88,0,2016,08,22,09,56,0.7300000000004729
2016-08-22T09:57:00Z,6860.17,6862.14,6860.15,6862.14,0,2016,08,22,09,57,1.9700000000002547
2016-08-22T09:58:00Z,6862.72,6862.82,6860.16,6860.16,0,2016,08,22,09,58,2.5600000000004
2016-08-22T09:59:00Z,6861.53,6862.77,6861.35,6862.71,0,2016,08,22,09,59,1.180000000000291
2016-08-22T10:00:00Z,6861.34,6861.73,6860.89,6861.51,0,2016,08,22,10,00,0.17000000000007276
2016-08-22T10:01:00Z,6860.32,6861.77,6860.31,6861.4,0,2016,08,22,10,01,1.0799999999999272
2016-08-22T10:02:00Z,6861.09,6861.12,6860.24,6860.33,0,2016,08,22,10,02,0.7600000000002183
2016-08-22T10:03:00Z,6861.42,6861.74,6860.9,6861.08,0,2016,08,22,10,03,0.3400000000001455
2016-08-22T10:04:00Z,6864.07,6864.15,6861.38,6861.43,0,2016,08,22,10,04,2.639999999999418
2016-08-22T10:05:00Z,6866.4,6866.4,6863.98,6864.07,0,2016,08,22,10,05,2.3299999999999272
2016-08-22T10:06:00Z,6865.99,6866.57,6865.88,6866.41,0,2016,08,22,10,06,0.42000000000007276
2016-08-22T10:07:00Z,6864.65,6866.06,6864.53,6865.97,0,2016,08,22,10,07,1.3200000000006185
2016-08-22T10:08:00Z,6865.09,6865.12,6864.69,6864.69,0,2016,08,22,10,08,0.4000000000005457
2016-08-22T10:09:00Z,6864.13,6865.24,6863.8,6865.07,0,2016,08,22,10,09,0.9399999999995998
2016-08-22T10:10:00Z,6865.96,6865.96,6864.13,6864.16,0,2016,08,22,10,10,1.800000000000182
2016-08-22T10:11:00Z,6865.0,6866.56,6865.0,6865.93,0,2016,08,22,10,11,0.930000000000291
2016-08-22T10:12:00Z,6864.28,6864.98,6864.25,6864.98,0,2016,08,22,10,12,0.6999999999998181
2016-08-22T10:13:00Z,6863.04,6864.43,6863.03,6864.26,0,2016,08,22,10,13,1.2200000000002547
2016-08-22T10:14:00Z,6862.93,6863.54,6862.62,6863.04,0,2016,08,22,10,14,0.10999999999967258
2016-08-22T10:15:00Z,6863.3,6863.3,6862.69,6862.96,0,2016,08,22,10,15,0.3400000000001455
2016-08-22T10:16:00Z,6861.98,6863.95,6861.94,6863.31,0,2016,08,22,10,16,1.3300000000008367
2016-08-22T10:17:00Z,6862.59,6862.59,6861.76,6861.94,0,2016,08,22,10,17,0.6500000000005457
2016-08-22T10:18:00Z,6862.22,6862.67,6861.65,6862.6,0,2016,08,22,10,18,0.38000000000010914
2016-08-22T10:19:00Z,6859.19,6862.23,6859.19,6862.23,0,2016,08,22,10,19,3.0399999999999636
2016-08-22T10:20:00Z,6860.55,6860.64,6858.77,6859.27,0,2016,08,22,10,20,1.2799999999997453
2016-08-22T10:21:00Z,6856.82,6860.56,6856.82,6860.53,0,2016,08,22,10,21,3.7100000000000364
2016-08-22T10:22:00Z,6855.22,6857.5,6855.21,6856.82,0,2016,08,22,10,22,1.5999999999994543
2016-08-22T10:23:00Z,6854.67,6855.42,6854.67,6855.21,0,2016,08,22,10,23,0.5399999999999636
2016-08-22T10:24:00Z,6851.06,6854.52,6851.06,6854.5,0,2016,08,22,10,24,3.4399999999996
2016-08-22T10:25:00Z,6847.28,6851.06,6847.28,6851.06,0,2016,08,22,10,25,3.780000000000655
2016-08-22T10:26:00Z,6845.23,6847.25,6845.11,6847.24,0,2016,08,22,10,26,2.0100000000002183
2016-08-22T10:27:00Z,6844.41,6845.24,6844.27,6845.24,0,2016,08,22,10,27,0.8299999999999272
2016-08-22T10:28:00Z,6844.15,6844.9,6844.11,6844.35,0,2016,08,22,10,28,0.2000000000007276
2016-08-22T10:29:00Z,6841.15,6844.44,6841.13,6844.15,0,2016,08,22,10,29,3.0
2016-08-22T10:30:00Z,6839.52,6841.07,6839.34,6841.03,0,2016,08,22,10,30,1.5099999999993088
2016-08-22T10:31:00Z,6839.69,6839.84,6839.07,6839.45,0,2016,08,22,10,31,0.23999999999978172
2016-08-22T10:32:00Z,6840.29,6840.71,6839.62,6839.66,0,2016,08,22,10,32,0.6300000000001091
2016-08-22T10:33:00Z,6839.41,6840.43,6839.34,6840.33,0,2016,08,22,10,33,0.9200000000000728
2016-08-22T10:34:00Z,6838.89,6840.03,6838.8,6839.4,0,2016,08,22,10,34,0.5099999999993088
2016-08-22T10:35:00Z,6837.75,6838.95,6837.43,6838.91,0,2016,08,22,10,35,1.1599999999998545
2016-08-22T10:36:00Z,6838.06,6838.58,6837.4,6837.75,0,2016,08,22,10,36,0.3100000000004002
2016-08-22T10:37:00Z,6839.22,6839.22,6837.97,6838.08,0,2016,08,22,10,37,1.1400000000003274
2016-08-22T10:38:00Z,6841.24,6841.24,6839.19,6839.22,0,2016,08,22,10,38,2.019999999999527
2016-08-22T10:39:00Z,6844.51,6845.18,6841.28,6841.29,0,2016,08,22,10,39,3.2200000000002547
2016-08-22T10:40:00Z,6841.31,6844.72,6841.27,6844.48,0,2016,08,22,10,40,3.1699999999991633
2016-08-22T10:41:00Z,6840.53,6842.15,6840.53,6841.32,0,2016,08,22,10,41,0.7899999999999636
2016-08-22T10:42:00Z,6838.42,6840.56,6838.42,6840.52,0,2016,08,22,10,42,2.100000000000364
2016-08-22T10:43:00Z,6835.87,6839.19,6835.85,6838.43,0,2016,08,22,10,43,2.5600000000004
2016-08-22T10:44:00Z,6835.73,6836.65,6835.14,6835.86,0,2016,08,22,10,44,0.13000000000010914
2016-08-22T10:45:00Z,6836.31,6836.55,6835.65,6835.73,0,2016,08,22,10,45,0.5800000000008367
2016-08-22T10:46:00Z,6835.8,6836.81,6835.8,6836.3,0,2016,08,22,10,46,0.5
2016-08-22T10:47:00Z,6835.62,6836.19,6835.53,6835.85,0,2016,08,22,10,47,0.23000000000047294
2016-08-22T10:48:00Z,6833.79,6835.69,6833.79,6835.65,0,2016,08,22,10,48,1.8599999999996726
2016-08-22T10:49:00Z,6833.82,6834.37,6833.66,6833.71,0,2016,08,22,10,49,0.10999999999967258
2016-08-22T10:50:00Z,6834.07,6834.56,6833.68,6833.78,0,2016,08,22,10,50,0.2899999999999636
2016-08-22T10:51:00Z,6834.64,6834.64,6833.58,6834.08,0,2016,08,22,10,51,0.5600000000004002
2016-08-22T10:52:00Z,6833.66,6834.69,6833.66,6834.64,0,2016,08,22,10,52,0.9800000000004729
2016-08-22T10:53:00Z,6834.9,6835.07,6833.66,6833.66,0,2016,08,22,10,53,1.2399999999997817
2016-08-22T10:54:00Z,6836.71,6836.74,6834.63,6834.89,0,2016,08,22,10,54,1.819999999999709
2016-08-22T10:55:00Z,6837.67,6837.87,6836.72,6836.72,0,2016,08,22,10,55,0.9499999999998181
2016-08-22T10:56:00Z,6837.56,6837.7,6835.55,6837.66,0,2016,08,22,10,56,0.0999999999994543
2016-08-22T10:57:00Z,6837.55,6838.39,6837.54,6837.63,0,2016,08,22,10,57,0.07999999999992724
2016-08-22T10:58:00Z,6837.21,6838.12,6837.14,6837.57,0,2016,08,22,10,58,0.3599999999996726
2016-08-22T10:59:00Z,6836.92,6837.43,6836.74,6837.23,0,2016,08,22,10,59,0.3099999999994907
2016-08-22T11:00:00Z,6836.75,6836.92,6836.34,6836.91,0,2016,08,22,11,00,0.15999999999985448
2016-08-22T11:01:00Z,6834.86,6836.94,6834.84,6836.79,0,2016,08,22,11,01,1.930000000000291
2016-08-22T11:02:00Z,6835.08,6835.16,6834.26,6834.91,0,2016,08,22,11,02,0.17000000000007276
2016-08-22T11:03:00Z,6834.52,6835.19,6834.41,6835.03,0,2016,08,22,11,03,0.5099999999993088
2016-08-22T11:04:00Z,6837.04,6837.05,6834.4,6834.57,0,2016,08,22,11,04,2.4700000000002547
2016-08-22T11:05:00Z,6837.57,6837.61,6837.05,6837.05,0,2016,08,22,11,05,0.5199999999995271
2016-08-22T11:06:00Z,6837.34,6837.89,6837.32,6837.61,0,2016,08,22,11,06,0.26999999999952706
2016-08-22T11:07:00Z,6836.37,6837.34,6836.37,6837.29,0,2016,08,22,11,07,0.9200000000000728
2016-08-22T11:08:00Z,6836.42,6836.67,6836.3,6836.35,0,2016,08,22,11,08,0.06999999999970896
2016-08-22T11:09:00Z,6835.64,6836.39,6835.62,6836.39,0,2016,08,22,11,09,0.75
2016-08-22T11:10:00Z,6834.49,6835.64,6834.4,6835.6,0,2016,08,22,11,10,1.110000000000582
2016-08-22T11:11:00Z,6834.27,6834.48,6834.02,6834.48,0,2016,08,22,11,11,0.20999999999912689
2016-08-22T11:12:00Z,6834.34,6834.51,6834.02,6834.3,0,2016,08,22,11,12,0.03999999999996362
2016-08-22T11:13:00Z,6833.27,6834.45,6833.01,6834.35,0,2016,08,22,11,13,1.0799999999999272
2016-08-22T11:14:00Z,6827.27,6833.36,6827.27,6833.29,0,2016,08,22,11,14,6.019999999999527
2016-08-22T11:15:00Z,6825.21,6827.25,6824.95,6827.25,0,2016,08,22,11,15,2.0399999999999636
2016-08-22T11:16:00Z,6825.86,6825.86,6824.55,6825.19,0,2016,08,22,11,16,0.6700000000000728
2016-08-22T11:17:00Z,6827.28,6827.32,6825.87,6825.87,0,2016,08,22,11,17,1.4099999999998545
2016-08-22T11:18:00Z,6827.43,6827.67,6827.06,6827.32,0,2016,08,22,11,18,0.11000000000058208
2016-08-22T11:19:00Z,6825.81,6827.42,6825.7,6827.42,0,2016,08,22,11,19,1.6099999999996726
2016-08-22T11:20:00Z,6824.67,6826.05,6824.65,6825.76,0,2016,08,22,11,20,1.0900000000001455
2016-08-22T11:21:00Z,6824.11,6825.2,6823.71,6824.63,0,2016,08,22,11,21,0.5200000000004366
2016-08-22T11:22:00Z,6824.11,6824.3,6823.74,6824.19,0,2016,08,22,11,22,0.07999999999992724
2016-08-22T11:23:00Z,6825.44,6825.5,6824.14,6824.15,0,2016,08,22,11,23,1.2899999999999636
2016-08-22T11:24:00Z,6827.35,6827.4,6825.44,6825.5,0,2016,08,22,11,24,1.8500000000003638
2016-08-22T11:25:00Z,6826.73,6827.35,6826.51,6827.35,0,2016,08,22,11,25,0.6200000000008004
2016-08-22T11:26:00Z,6826.35,6826.73,6826.33,6826.73,0,2016,08,22,11,26,0.37999999999919964
2016-08-22T11:27:00Z,6827.88,6828.07,6826.36,6826.36,0,2016,08,22,11,27,1.5200000000004366
2016-08-22T11:28:00Z,6828.82,6828.95,6827.81,6827.86,0,2016,08,22,11,28,0.9600000000000364
2016-08-22T11:29:00Z,6828.71,6828.93,6828.34,6828.9,0,2016,08,22,11,29,0.18999999999959982
2016-08-22T11:30:00Z,6829.08,6829.11,6828.69,6828.7,0,2016,08,22,11,30,0.38000000000010914
2016-08-22T11:31:00Z,6829.68,6829.68,6828.97,6829.05,0,2016,08,22,11,31,0.6300000000001091
2016-08-22T11:32:00Z,6831.14,6831.14,6829.63,6829.75,0,2016,08,22,11,32,1.3900000000003274
2016-08-22T11:33:00Z,6831.06,6831.56,6830.85,6831.14,0,2016,08,22,11,33,0.07999999999992724
2016-08-22T11:34:00Z,6830.26,6831.23,6830.21,6831.16,0,2016,08,22,11,34,0.8999999999996362
2016-08-22T11:35:00Z,6830.1,6830.25,6829.45,6830.25,0,2016,08,22,11,35,0.1499999999996362
2016-08-22T11:36:00Z,6829.64,6830.06,6829.46,6830.06,0,2016,08,22,11,36,0.42000000000007276
2016-08-22T11:37:00Z,6828.53,6829.81,6828.52,6829.69,0,2016,08,22,11,37,1.1599999999998545
2016-08-22T11:38:00Z,6826.55,6828.5,6826.49,6828.5,0,2016,08,22,11,38,1.949999999999818
2016-08-22T11:39:00Z,6825.88,6826.58,6825.4,6826.56,0,2016,08,22,11,39,0.680000000000291
2016-08-22T11:40:00Z,6823.31,6825.86,6823.31,6825.85,0,2016,08,22,11,40,2.5399999999999636
2016-08-22T11:41:00Z,6823.39,6823.83,6822.94,6823.21,0,2016,08,22,11,41,0.18000000000029104
2016-08-22T11:42:00Z,6823.72,6823.77,6823.25,6823.39,0,2016,08,22,11,42,0.32999999999992724
2016-08-22T11:43:00Z,6825.13,6825.13,6823.47,6823.76,0,2016,08,22,11,43,1.3699999999998909
2016-08-22T11:44:00Z,6825.61,6825.66,6825.18,6825.18,0,2016,08,22,11,44,0.42999999999938154
2016-08-22T11:45:00Z,6826.25,6826.25,6825.55,6825.56,0,2016,08,22,11,45,0.6899999999995998
2016-08-22T11:46:00Z,6824.12,6826.23,6824.12,6826.23,0,2016,08,22,11,46,2.1099999999996726
2016-08-22T11:47:00Z,6823.01,6824.09,6822.83,6824.09,0,2016,08,22,11,47,1.0799999999999272
2016-08-22T11:48:00Z,6824.19,6824.3,6822.83,6823.02,0,2016,08,22,11,48,1.1699999999991633
2016-08-22T11:49:00Z,6824.99,6825.1,6824.12,6824.12,0,2016,08,22,11,49,0.8699999999998909
2016-08-22T11:50:00Z,6824.46,6825.0,6824.41,6824.96,0,2016,08,22,11,50,0.5
2016-08-22T11:51:00Z,6826.14,6826.14,6824.31,6824.46,0,2016,08,22,11,51,1.680000000000291
2016-08-22T11:52:00Z,6827.94,6827.94,6826.22,6826.22,0,2016,08,22,11,52,1.7199999999993452
2016-08-22T11:53:00Z,6828.4,6828.44,6827.96,6827.96,0,2016,08,22,11,53,0.4399999999995998
2016-08-22T11:54:00Z,6829.93,6829.96,6828.36,6828.38,0,2016,08,22,11,54,1.550000000000182
2016-08-22T11:55:00Z,6827.33,6830.39,6827.33,6830.01,0,2016,08,22,11,55,2.680000000000291
2016-08-22T11:56:00Z,6825.18,6827.33,6825.18,6827.33,0,2016,08,22,11,56,2.149999999999636
2016-08-22T11:57:00Z,6822.5,6825.35,6822.22,6825.16,0,2016,08,22,11,57,2.6599999999998545
2016-08-22T11:58:00Z,6822.25,6822.5,6821.09,6822.5,0,2016,08,22,11,58,0.25
2016-08-22T11:59:00Z,6819.04,6822.26,6818.19,6822.26,0,2016,08,22,11,59,3.2200000000002547
2016-08-22T12:00:00Z,6818.54,6819.52,6818.53,6819.05,0,2016,08,22,12,00,0.5100000000002183
2016-08-22T12:01:00Z,6818.54,6818.54,6818.54,6818.54,0,2016,08,22,12,01,0.0
2016-08-22T12:02:00Z,6818.6,6818.6,6818.54,6818.54,0,2016,08,22,12,02,0.06000000000040018
2016-08-22T12:03:00Z,6816.45,6820.27,6816.45,6818.6,0,2016,08,22,12,03,2.1500000000005457
2016-08-22T12:04:00Z,6818.54,6818.8,6816.05,6816.38,0,2016,08,22,12,04,2.1599999999998545
2016-08-22T12:05:00Z,6814.25,6818.63,6814.02,6818.52,0,2016,08,22,12,05,4.270000000000437
2016-08-22T12:06:00Z,6813.13,6814.32,6812.07,6814.29,0,2016,08,22,12,06,1.1599999999998545
2016-08-22T12:07:00Z,6816.97,6816.97,6813.15,6813.15,0,2016,08,22,12,07,3.8200000000006185
2016-08-22T12:08:00Z,6813.87,6817.6,6813.87,6816.98,0,2016,08,22,12,08,3.1099999999996726
2016-08-22T12:09:00Z,6814.83,6815.48,6813.66,6813.87,0,2016,08,22,12,09,0.9600000000000364
2016-08-22T12:10:00Z,6812.61,6814.83,6812.61,6814.83,0,2016,08,22,12,10,2.2200000000002547
2016-08-22T12:11:00Z,6820.11,6820.19,6812.56,6812.57,0,2016,08,22,12,11,7.539999999999964
2016-08-22T12:12:00Z,6818.09,6820.1,6818.08,6820.1,0,2016,08,22,12,12,2.0100000000002183
2016-08-22T12:13:00Z,6820.35,6820.37,6818.13,6818.13,0,2016,08,22,12,13,2.2200000000002547
2016-08-22T12:14:00Z,6821.45,6821.58,6820.34,6820.34,0,2016,08,22,12,14,1.1099999999996726
2016-08-22T12:15:00Z,6822.23,6822.44,6820.94,6821.53,0,2016,08,22,12,15,0.6999999999998181
2016-08-22T12:16:00Z,6823.78,6823.85,6822.09,6822.24,0,2016,08,22,12,16,1.5399999999999636
2016-08-22T12:17:00Z,6824.18,6824.35,6823.75,6823.83,0,2016,08,22,12,17,0.3500000000003638
2016-08-22T12:18:00Z,6822.35,6824.19,6822.34,6824.19,0,2016,08,22,12,18,1.839999999999236
2016-08-22T12:19:00Z,6823.17,6823.17,6822.08,6822.36,0,2016,08,22,12,19,0.8100000000004002
2016-08-22T12:20:00Z,6822.01,6823.17,6822.01,6823.16,0,2016,08,22,12,20,1.1499999999996362
2016-08-22T12:21:00Z,6821.94,6822.68,6821.91,6822.01,0,2016,08,22,12,21,0.07000000000061846
2016-08-22T12:22:00Z,6823.28,6823.4,6821.97,6821.97,0,2016,08,22,12,22,1.3099999999994907
2016-08-22T12:23:00Z,6824.7,6825.05,6823.23,6823.29,0,2016,08,22,12,23,1.4099999999998545
2016-08-22T12:24:00Z,6825.99,6826.08,6824.61,6824.61,0,2016,08,22,12,24,1.3800000000001091
2016-08-22T12:25:00Z,6823.33,6825.95,6823.33,6825.95,0,2016,08,22,12,25,2.619999999999891
2016-08-22T12:26:00Z,6824.3,6824.3,6823.23,6823.37,0,2016,08,22,12,26,0.930000000000291
2016-08-22T12:27:00Z,6824.09,6824.63,6823.84,6824.35,0,2016,08,22,12,27,0.2600000000002183
2016-08-22T12:28:00Z,6823.91,6824.47,6823.91,6824.21,0,2016,08,22,12,28,0.3000000000001819
2016-08-22T12:29:00Z,6823.52,6824.0,6823.41,6823.87,0,2016,08,22,12,29,0.3499999999994543
2016-08-22T12:30:00Z,6822.94,6823.56,6822.73,6823.51,0,2016,08,22,12,30,0.5700000000006185
2016-08-22T12:31:00Z,6822.82,6823.21,6822.67,6822.96,0,2016,08,22,12,31,0.14000000000032742
2016-08-22T12:32:00Z,6821.74,6822.9,6821.74,6822.82,0,2016,08,22,12,32,1.0799999999999272
2016-08-22T12:33:00Z,6822.56,6822.8,6821.74,6821.75,0,2016,08,22,12,33,0.8100000000004002
2016-08-22T12:34:00Z,6821.83,6822.49,6821.67,6822.49,0,2016,08,22,12,34,0.6599999999998545
2016-08-22T12:35:00Z,6823.05,6823.11,6821.87,6821.87,0,2016,08,22,12,35,1.180000000000291
2016-08-22T12:36:00Z,6823.16,6823.28,6822.96,6823.06,0,2016,08,22,12,36,0.0999999999994543
2016-08-22T12:37:00Z,6822.96,6823.33,6822.64,6823.17,0,2016,08,22,12,37,0.21000000000003638
2016-08-22T12:38:00Z,6823.11,6823.6,6822.71,6822.95,0,2016,08,22,12,38,0.15999999999985448
2016-08-22T12:39:00Z,6822.2,6823.14,6822.1,6823.1,0,2016,08,22,12,39,0.9000000000005457
2016-08-22T12:40:00Z,6821.88,6822.58,6821.88,6822.18,0,2016,08,22,12,40,0.3000000000001819
2016-08-22T12:41:00Z,6821.22,6821.79,6821.08,6821.79,0,2016,08,22,12,41,0.569999999999709
2016-08-22T12:42:00Z,6821.19,6821.41,6820.76,6821.18,0,2016,08,22,12,42,0.009999999999308784
2016-08-22T12:43:00Z,6821.06,6821.39,6821.06,6821.21,0,2016,08,22,12,43,0.1499999999996362
2016-08-22T12:44:00Z,6819.89,6821.17,6819.89,6821.04,0,2016,08,22,12,44,1.1499999999996362
2016-08-22T12:45:00Z,6819.37,6819.86,6819.31,6819.86,0,2016,08,22,12,45,0.4899999999997817
2016-08-22T12:46:00Z,6819.42,6819.73,6819.22,6819.35,0,2016,08,22,12,46,0.06999999999970896
2016-08-22T12:47:00Z,6821.68,6821.68,6819.27,6819.43,0,2016,08,22,12,47,2.25
2016-08-22T12:48:00Z,6823.96,6824.06,6821.68,6821.68,0,2016,08,22,12,48,2.2799999999997453
2016-08-22T12:49:00Z,6824.16,6824.44,6823.88,6824.01,0,2016,08,22,12,49,0.1499999999996362
2016-08-22T12:50:00Z,6823.99,6824.34,6823.53,6824.18,0,2016,08,22,12,50,0.19000000000050932
2016-08-22T12:51:00Z,6823.77,6824.01,6823.54,6823.98,0,2016,08,22,12,51,0.20999999999912689
2016-08-22T12:52:00Z,6823.81,6824.05,6823.6,6823.77,0,2016,08,22,12,52,0.03999999999996362
2016-08-22T12:53:00Z,6824.12,6824.65,6823.76,6823.82,0,2016,08,22,12,53,0.3000000000001819
2016-08-22T12:54:00Z,6822.77,6824.34,6822.57,6824.14,0,2016,08,22,12,54,1.3699999999998909
2016-08-22T12:55:00Z,6821.95,6822.8,6821.95,6822.74,0,2016,08,22,12,55,0.7899999999999636
2016-08-22T12:56:00Z,6822.61,6822.61,6821.76,6821.95,0,2016,08,22,12,56,0.6599999999998545
2016-08-22T12:57:00Z,6821.85,6822.63,6821.84,6822.61,0,2016,08,22,12,57,0.7599999999993088
2016-08-22T12:58:00Z,6820.65,6821.88,6820.54,6821.86,0,2016,08,22,12,58,1.2100000000000364
2016-08-22T12:59:00Z,6820.82,6821.08,6820.58,6820.66,0,2016,08,22,12,59,0.15999999999985448
2016-08-22T13:00:00Z,6823.64,6823.76,6820.98,6820.98,0,2016,08,22,01,00,2.660000000000764
2016-08-22T13:01:00Z,6822.82,6823.68,6822.82,6823.62,0,2016,08,22,01,01,0.8000000000001819
2016-08-22T13:02:00Z,6826.41,6826.57,6822.81,6822.81,0,2016,08,22,01,02,3.5999999999994543
2016-08-22T13:03:00Z,6823.76,6826.41,6823.76,6826.39,0,2016,08,22,01,03,2.630000000000109
2016-08-22T13:04:00Z,6824.67,6824.88,6823.63,6823.79,0,2016,08,22,01,04,0.8800000000001091
2016-08-22T13:05:00Z,6825.03,6825.03,6823.89,6824.65,0,2016,08,22,01,05,0.38000000000010914
2016-08-22T13:06:00Z,6825.72,6825.86,6824.85,6825.05,0,2016,08,22,01,06,0.6700000000000728
2016-08-22T13:07:00Z,6825.59,6825.76,6825.13,6825.69,0,2016,08,22,01,07,0.0999999999994543
2016-08-22T13:08:00Z,6825.09,6825.62,6825.03,6825.62,0,2016,08,22,01,08,0.5299999999997453
2016-08-22T13:09:00Z,6825.31,6825.53,6824.56,6825.07,0,2016,08,22,01,09,0.24000000000069122
2016-08-22T13:10:00Z,6825.11,6825.33,6824.42,6825.33,0,2016,08,22,01,10,0.22000000000025466
2016-08-22T13:11:00Z,6824.33,6825.13,6824.31,6825.12,0,2016,08,22,01,11,0.7899999999999636
2016-08-22T13:12:00Z,6825.12,6825.18,6824.29,6824.32,0,2016,08,22,01,12,0.8000000000001819
2016-08-22T13:13:00Z,6825.83,6826.0,6824.78,6825.14,0,2016,08,22,01,13,0.6899999999995998
2016-08-22T13:14:00Z,6827.1,6827.34,6825.84,6825.84,0,2016,08,22,01,14,1.2600000000002183
2016-08-22T13:15:00Z,6827.56,6827.66,6826.98,6827.08,0,2016,08,22,01,15,0.48000000000047294
2016-08-22T13:16:00Z,6828.99,6829.01,6827.58,6827.58,0,2016,08,22,01,16,1.4099999999998545
2016-08-22T13:17:00Z,6829.96,6830.21,6828.77,6828.99,0,2016,08,22,01,17,0.9700000000002547
2016-08-22T13:18:00Z,6828.72,6830.02,6828.72,6829.91,0,2016,08,22,01,18,1.1899999999995998
2016-08-22T13:19:00Z,6827.1,6828.74,6826.98,6828.74,0,2016,08,22,01,19,1.639999999999418
2016-08-22T13:20:00Z,6826.09,6827.2,6826.09,6827.12,0,2016,08,22,01,20,1.0299999999997453
2016-08-22T13:21:00Z,6825.12,6826.21,6824.93,6826.01,0,2016,08,22,01,21,0.8900000000003274
2016-08-22T13:22:00Z,6824.81,6825.16,6824.73,6825.05,0,2016,08,22,01,22,0.23999999999978172
2016-08-22T13:23:00Z,6824.94,6825.07,6824.43,6824.76,0,2016,08,22,01,23,0.17999999999938154
2016-08-22T13:24:00Z,6826.49,6826.54,6824.92,6824.95,0,2016,08,22,01,24,1.5399999999999636
2016-08-22T13:25:00Z,6828.26,6828.38,6826.45,6826.5,0,2016,08,22,01,25,1.7600000000002183
2016-08-22T13:26:00Z,6828.58,6828.88,6828.14,6828.27,0,2016,08,22,01,26,0.3099999999994907
2016-08-22T13:27:00Z,6828.37,6828.68,6828.19,6828.59,0,2016,08,22,01,27,0.22000000000025466
2016-08-22T13:28:00Z,6828.23,6828.38,6828.13,6828.35,0,2016,08,22,01,28,0.12000000000080036
2016-08-22T13:29:00Z,6828.31,6828.48,6828.2,6828.2,0,2016,08,22,01,29,0.11000000000058208
2016-08-22T13:30:00Z,6828.97,6829.15,6828.3,6828.31,0,2016,08,22,01,30,0.6599999999998545
2016-08-22T13:31:00Z,6830.49,6830.72,6828.91,6828.99,0,2016,08,22,01,31,1.5
2016-08-22T13:32:00Z,6830.65,6831.21,6830.43,6830.56,0,2016,08,22,01,32,0.08999999999923602
2016-08-22T13:33:00Z,6831.12,6831.32,6830.57,6830.65,0,2016,08,22,01,33,0.47000000000025466
2016-08-22T13:34:00Z,6830.48,6831.13,6830.19,6831.11,0,2016,08,22,01,34,0.6300000000001091
2016-08-22T13:35:00Z,6829.49,6830.66,6829.38,6830.52,0,2016,08,22,01,35,1.0300000000006548
2016-08-22T13:36:00Z,6829.13,6829.56,6828.72,6829.48,0,2016,08,22,01,36,0.3499999999994543
2016-08-22T13:37:00Z,6830.96,6830.97,6829.14,6829.14,0,2016,08,22,01,37,1.819999999999709
2016-08-22T13:38:00Z,6832.42,6832.95,6830.94,6830.97,0,2016,08,22,01,38,1.449999999999818
2016-08-22T13:39:00Z,6831.76,6832.45,6831.11,6832.43,0,2016,08,22,01,39,0.6700000000000728
2016-08-22T13:40:00Z,6831.89,6831.89,6831.35,6831.78,0,2016,08,22,01,40,0.11000000000058208
2016-08-22T13:41:00Z,6831.25,6831.91,6831.15,6831.8,0,2016,08,22,01,41,0.5500000000001819
2016-08-22T13:42:00Z,6830.91,6831.43,6830.87,6831.24,0,2016,08,22,01,42,0.32999999999992724
2016-08-22T13:43:00Z,6830.37,6830.92,6829.95,6830.91,0,2016,08,22,01,43,0.5399999999999636
2016-08-22T13:44:00Z,6829.81,6830.43,6829.81,6830.37,0,2016,08,22,01,44,0.5599999999994907
2016-08-22T13:45:00Z,6828.23,6830.01,6828.23,6829.83,0,2016,08,22,01,45,1.6000000000003638
2016-08-22T13:46:00Z,6828.44,6828.51,6827.85,6828.22,0,2016,08,22,01,46,0.21999999999934516
2016-08-22T13:47:00Z,6827.83,6828.48,6827.83,6828.46,0,2016,08,22,01,47,0.6300000000001091
2016-08-22T13:48:00Z,6828.2,6828.47,6827.63,6827.83,0,2016,08,22,01,48,0.36999999999989086
2016-08-22T13:49:00Z,6827.41,6828.28,6827.36,6828.21,0,2016,08,22,01,49,0.8000000000001819
2016-08-22T13:50:00Z,6828.1,6828.1,6827.17,6827.48,0,2016,08,22,01,50,0.6200000000008004
2016-08-22T13:51:00Z,6827.55,6828.43,6827.45,6828.11,0,2016,08,22,01,51,0.5599999999994907
2016-08-22T13:52:00Z,6827.13,6827.73,6827.07,6827.58,0,2016,08,22,01,52,0.4499999999998181
2016-08-22T13:53:00Z,6826.52,6827.24,6826.5,6827.16,0,2016,08,22,01,53,0.6399999999994179
2016-08-22T13:54:00Z,6825.57,6826.44,6825.35,6826.44,0,2016,08,22,01,54,0.8699999999998909
2016-08-22T13:55:00Z,6825.17,6825.54,6824.86,6825.54,0,2016,08,22,01,55,0.36999999999989086
2016-08-22T13:56:00Z,6824.5,6825.24,6824.11,6825.17,0,2016,08,22,01,56,0.6700000000000728
2016-08-22T13:57:00Z,6824.77,6824.77,6824.39,6824.49,0,2016,08,22,01,57,0.28000000000065484
2016-08-22T13:58:00Z,6825.35,6825.51,6824.69,6824.77,0,2016,08,22,01,58,0.5799999999999272
2016-08-22T13:59:00Z,6825.74,6825.77,6825.0,6825.37,0,2016,08,22,01,59,0.36999999999989086
2016-08-22T14:00:00Z,6824.49,6825.73,6824.43,6825.73,0,2016,08,22,02,00,1.2399999999997817
2016-08-22T14:01:00Z,6825.43,6825.51,6823.85,6824.46,0,2016,08,22,02,01,0.9700000000002547
2016-08-22T14:02:00Z,6825.23,6825.69,6825.05,6825.44,0,2016,08,22,02,02,0.21000000000003638
2016-08-22T14:03:00Z,6826.31,6826.49,6825.31,6825.31,0,2016,08,22,02,03,1.0
2016-08-22T14:04:00Z,6826.33,6826.35,6825.71,6826.08,0,2016,08,22,02,04,0.25
2016-08-22T14:05:00Z,6826.77,6826.99,6826.27,6826.31,0,2016,08,22,02,05,0.4600000000000364
2016-08-22T14:06:00Z,6824.52,6826.87,6824.52,6826.79,0,2016,08,22,02,06,2.269999999999527
2016-08-22T14:07:00Z,6823.64,6824.44,6823.21,6824.44,0,2016,08,22,02,07,0.7999999999992724
2016-08-22T14:08:00Z,6822.96,6823.63,6822.91,6823.63,0,2016,08,22,02,08,0.6700000000000728
2016-08-22T14:09:00Z,6823.99,6824.48,6822.91,6822.91,0,2016,08,22,02,09,1.0799999999999272
2016-08-22T14:10:00Z,6823.94,6824.13,6823.66,6823.98,0,2016,08,22,02,10,0.03999999999996362
2016-08-22T14:11:00Z,6824.19,6824.3,6823.91,6823.91,0,2016,08,22,02,11,0.27999999999974534
2016-08-22T14:12:00Z,6824.52,6824.7,6823.39,6824.16,0,2016,08,22,02,12,0.3600000000005821
2016-08-22T14:13:00Z,6824.51,6824.96,6824.51,6824.67,0,2016,08,22,02,13,0.15999999999985448
2016-08-22T14:14:00Z,6824.2,6824.53,6824.02,6824.46,0,2016,08,22,02,14,0.2600000000002183
2016-08-22T14:15:00Z,6824.25,6824.45,6824.17,6824.21,0,2016,08,22,02,15,0.03999999999996362
2016-08-22T14:16:00Z,6822.97,6824.39,6822.97,6824.24,0,2016,08,22,02,16,1.269999999999527
2016-08-22T14:17:00Z,6821.54,6822.96,6821.52,6822.95,0,2016,08,22,02,17,1.4099999999998545
2016-08-22T14:18:00Z,6821.32,6821.66,6821.19,6821.53,0,2016,08,22,02,18,0.21000000000003638
2016-08-22T14:19:00Z,6820.84,6821.33,6820.67,6821.33,0,2016,08,22,02,19,0.4899999999997817
2016-08-22T14:20:00Z,6820.56,6820.87,6820.05,6820.84,0,2016,08,22,02,20,0.27999999999974534
2016-08-22T14:21:00Z,6820.4,6820.8,6820.4,6820.6,0,2016,08,22,02,21,0.2000000000007276
2016-08-22T14:22:00Z,6820.3,6820.39,6820.22,6820.39,0,2016,08,22,02,22,0.09000000000014552
2016-08-22T14:23:00Z,6819.08,6820.37,6818.76,6820.29,0,2016,08,22,02,23,1.2100000000000364
2016-08-22T14:24:00Z,6819.17,6819.51,6819.04,6819.06,0,2016,08,22,02,24,0.10999999999967258
2016-08-22T14:25:00Z,6819.26,6819.57,6818.97,6819.12,0,2016,08,22,02,25,0.14000000000032742
2016-08-22T14:26:00Z,6818.95,6819.39,6818.48,6819.28,0,2016,08,22,02,26,0.32999999999992724
2016-08-22T14:27:00Z,6819.47,6819.51,6818.74,6818.96,0,2016,08,22,02,27,0.5100000000002183
2016-08-22T14:28:00Z,6821.05,6821.1,6819.13,6819.46,0,2016,08,22,02,28,1.5900000000001455
2016-08-22T14:29:00Z,6821.92,6821.92,6820.97,6821.19,0,2016,08,22,02,29,0.7300000000004729
2016-08-22T14:30:00Z,6821.16,6821.94,6820.99,6821.9,0,2016,08,22,02,30,0.7399999999997817
2016-08-22T14:31:00Z,6819.01,6821.45,6818.89,6821.22,0,2016,08,22,02,31,2.2100000000000364
2016-08-22T14:32:00Z,6817.7,6819.05,6817.05,6819.05,0,2016,08,22,02,32,1.3500000000003638
2016-08-22T14:33:00Z,6818.49,6819.06,6817.69,6817.69,0,2016,08,22,02,33,0.8000000000001819
2016-08-22T14:34:00Z,6817.77,6818.75,6817.33,6818.48,0,2016,08,22,02,34,0.7099999999991269
2016-08-22T14:35:00Z,6816.01,6818.03,6816.01,6817.75,0,2016,08,22,02,35,1.7399999999997817
2016-08-22T14:36:00Z,6814.17,6815.94,6813.58,6815.94,0,2016,08,22,02,36,1.769999999999527
2016-08-22T14:37:00Z,6816.02,6816.2,6813.64,6814.16,0,2016,08,22,02,37,1.860000000000582
2016-08-22T14:38:00Z,6816.41,6816.42,6815.76,6815.97,0,2016,08,22,02,38,0.4399999999995998
2016-08-22T14:39:00Z,6818.65,6818.74,6816.41,6816.42,0,2016,08,22,02,39,2.2299999999995634
2016-08-22T14:40:00Z,6821.86,6822.23,6818.4,6818.7,0,2016,08,22,02,40,3.1599999999998545
2016-08-22T14:41:00Z,6819.47,6821.85,6819.42,6821.85,0,2016,08,22,02,41,2.380000000000109
2016-08-22T14:42:00Z,6820.22,6820.44,6819.43,6819.57,0,2016,08,22,02,42,0.6500000000005457
2016-08-22T14:43:00Z,6818.62,6820.18,6818.58,6820.17,0,2016,08,22,02,43,1.550000000000182
2016-08-22T14:44:00Z,6817.64,6818.97,6817.55,6818.63,0,2016,08,22,02,44,0.9899999999997817
2016-08-22T14:45:00Z,6817.7,6818.21,6817.54,6817.66,0,2016,08,22,02,45,0.03999999999996362
2016-08-22T14:46:00Z,6818.05,6818.05,6816.03,6817.52,0,2016,08,22,02,46,0.5299999999997453
2016-08-22T14:47:00Z,6818.82,6819.46,6817.76,6818.0,0,2016,08,22,02,47,0.819999999999709
2016-08-22T14:48:00Z,6819.75,6820.23,6818.67,6818.78,0,2016,08,22,02,48,0.9700000000002547
2016-08-22T14:49:00Z,6820.36,6820.54,6819.3,6819.71,0,2016,08,22,02,49,0.6499999999996362
2016-08-22T14:50:00Z,6815.57,6820.45,6815.57,6820.38,0,2016,08,22,02,50,4.8100000000004
2016-08-22T14:51:00Z,6814.49,6815.82,6813.77,6815.55,0,2016,08,22,02,51,1.0600000000004002
2016-08-22T14:52:00Z,6817.17,6817.56,6814.6,6814.6,0,2016,08,22,02,52,2.569999999999709
2016-08-22T14:53:00Z,6817.83,6818.06,6817.13,6817.24,0,2016,08,22,02,53,0.5900000000001455
2016-08-22T14:54:00Z,6816.6,6817.82,6816.36,6817.78,0,2016,08,22,02,54,1.1799999999993815
2016-08-22T14:55:00Z,6815.26,6816.65,6814.94,6816.62,0,2016,08,22,02,55,1.3599999999996726
2016-08-22T14:56:00Z,6815.14,6815.5,6814.25,6815.3,0,2016,08,22,02,56,0.15999999999985448
2016-08-22T14:57:00Z,6817.33,6817.41,6815.16,6815.16,0,2016,08,22,02,57,2.1700000000000728
2016-08-22T14:58:00Z,6817.92,6818.59,6817.12,6817.29,0,2016,08,22,02,58,0.6300000000001091
2016-08-22T14:59:00Z,6819.3,6819.35,6817.81,6817.9,0,2016,08,22,02,59,1.4000000000005457
2016-08-22T15:00:00Z,6819.49,6819.52,6818.61,6819.32,0,2016,08,22,03,00,0.17000000000007276
2016-08-22T15:01:00Z,6818.54,6819.47,6818.27,6819.47,0,2016,08,22,03,01,0.930000000000291
2016-08-22T15:02:00Z,6815.7,6818.74,6815.51,6818.55,0,2016,08,22,03,02,2.850000000000364
2016-08-22T15:03:00Z,6816.29,6816.39,6815.45,6815.7,0,2016,08,22,03,03,0.5900000000001455
2016-08-22T15:04:00Z,6817.3,6817.8,6816.19,6816.27,0,2016,08,22,03,04,1.0299999999997453
2016-08-22T15:05:00Z,6816.59,6817.46,6816.55,6817.34,0,2016,08,22,03,05,0.75
2016-08-22T15:06:00Z,6819.72,6819.76,6816.61,6816.64,0,2016,08,22,03,06,3.0799999999999272
2016-08-22T15:07:00Z,6818.4,6819.73,6818.3,6819.72,0,2016,08,22,03,07,1.3200000000006185
2016-08-22T15:08:00Z,6816.83,6819.14,6816.8,6818.4,0,2016,08,22,03,08,1.569999999999709
2016-08-22T15:09:00Z,6815.91,6816.88,6815.91,6816.84,0,2016,08,22,03,09,0.930000000000291
2016-08-22T15:10:00Z,6815.39,6815.87,6814.97,6815.83,0,2016,08,22,03,10,0.4399999999995998
2016-08-22T15:11:00Z,6814.53,6816.04,6814.53,6815.38,0,2016,08,22,03,11,0.8500000000003638
2016-08-22T15:12:00Z,6817.09,6817.09,6814.3,6814.51,0,2016,08,22,03,12,2.5799999999999272
2016-08-22T15:13:00Z,6817.1,6817.18,6816.41,6817.08,0,2016,08,22,03,13,0.020000000000436557
2016-08-22T15:14:00Z,6817.88,6817.88,6816.97,6817.11,0,2016,08,22,03,14,0.7700000000004366
2016-08-22T15:15:00Z,6817.21,6818.31,6816.97,6817.9,0,2016,08,22,03,15,0.6899999999995998
2016-08-22T15:16:00Z,6818.65,6818.66,6817.23,6817.23,0,2016,08,22,03,16,1.4200000000000728
2016-08-22T15:17:00Z,6822.33,6822.33,6818.55,6818.66,0,2016,08,22,03,17,3.6700000000000728
2016-08-22T15:18:00Z,6825.63,6825.65,6822.36,6822.36,0,2016,08,22,03,18,3.2700000000004366
2016-08-22T15:19:00Z,6828.24,6828.24,6825.65,6825.65,0,2016,08,22,03,19,2.5900000000001455
2016-08-22T15:20:00Z,6830.29,6830.61,6828.25,6828.25,0,2016,08,22,03,20,2.0399999999999636
2016-08-22T15:21:00Z,6829.77,6831.03,6829.74,6830.28,0,2016,08,22,03,21,0.5099999999993088
2016-08-22T15:22:00Z,6829.35,6829.91,6828.65,6829.85,0,2016,08,22,03,22,0.5
2016-08-22T15:23:00Z,6828.27,6829.36,6828.27,6829.34,0,2016,08,22,03,23,1.069999999999709
2016-08-22T15:24:00Z,6827.56,6828.27,6827.08,6828.27,0,2016,08,22,03,24,0.7100000000000364
2016-08-22T15:25:00Z,6829.29,6829.29,6827.47,6827.57,0,2016,08,22,03,25,1.7200000000002547
2016-08-22T15:26:00Z,6831.66,6831.7,6829.3,6829.3,0,2016,08,22,03,26,2.3599999999996726
2016-08-22T15:27:00Z,6833.86,6833.92,6831.58,6831.67,0,2016,08,22,03,27,2.1899999999996
2016-08-22T15:28:00Z,6833.89,6834.17,6833.79,6833.82,0,2016,08,22,03,28,0.07000000000061846
2016-08-22T15:29:00Z,6835.92,6835.92,6833.51,6833.86,0,2016,08,22,03,29,2.0600000000004
2016-08-22T15:30:00Z,6835.6,6835.98,6835.24,6835.93,0,2016,08,22,03,30,0.32999999999992724
2016-08-22T15:31:00Z,6835.25,6837.1,6835.2,6835.58,0,2016,08,22,03,31,0.32999999999992724
2016-08-22T15:32:00Z,6836.02,6836.67,6835.24,6835.24,0,2016,08,22,03,32,0.7800000000006548
2016-08-22T15:33:00Z,6835.65,6836.42,6835.59,6836.02,0,2016,08,22,03,33,0.37000000000080036
2016-08-22T15:34:00Z,6836.4,6836.61,6834.83,6835.65,0,2016,08,22,03,34,0.75
2016-08-22T15:35:00Z,6837.11,6837.94,6836.24,6836.37,0,2016,08,22,03,35,0.7399999999997817
2016-08-22T15:36:00Z,6837.24,6837.88,6836.9,6837.1,0,2016,08,22,03,36,0.13999999999941792
2016-08-22T15:37:00Z,6840.03,6840.03,6837.24,6837.25,0,2016,08,22,03,37,2.7799999999997453
2016-08-22T15:38:00Z,6838.32,6840.14,6838.32,6840.1,0,2016,08,22,03,38,1.7800000000006548
2016-08-22T15:39:00Z,6837.42,6838.27,6837.08,6838.27,0,2016,08,22,03,39,0.8500000000003638
2016-08-22T15:40:00Z,6835.37,6837.53,6835.36,6837.39,0,2016,08,22,03,40,2.0200000000004366
2016-08-22T15:41:00Z,6835.04,6836.46,6835.04,6835.38,0,2016,08,22,03,41,0.3400000000001455
2016-08-22T15:42:00Z,6834.14,6835.04,6834.07,6835.03,0,2016,08,22,03,42,0.8899999999994179
2016-08-22T15:43:00Z,6833.54,6834.16,6833.19,6834.11,0,2016,08,22,03,43,0.569999999999709
2016-08-22T15:44:00Z,6833.07,6833.78,6833.06,6833.55,0,2016,08,22,03,44,0.48000000000047294
2016-08-22T15:45:00Z,6832.94,6833.11,6831.63,6833.08,0,2016,08,22,03,45,0.14000000000032742
2016-08-22T15:46:00Z,6832.78,6833.72,6832.75,6832.95,0,2016,08,22,03,46,0.17000000000007276
2016-08-22T15:47:00Z,6832.36,6833.29,6832.36,6832.74,0,2016,08,22,03,47,0.38000000000010914
2016-08-22T15:48:00Z,6832.28,6832.81,6832.12,6832.34,0,2016,08,22,03,48,0.06000000000040018
2016-08-22T15:49:00Z,6831.49,6832.26,6831.43,6832.26,0,2016,08,22,03,49,0.7700000000004366
2016-08-22T15:50:00Z,6831.31,6831.89,6831.27,6831.48,0,2016,08,22,03,50,0.16999999999916326
2016-08-22T15:51:00Z,6830.78,6831.77,6830.76,6831.32,0,2016,08,22,03,51,0.5399999999999636
2016-08-22T15:52:00Z,6830.4,6830.97,6830.13,6830.76,0,2016,08,22,03,52,0.3600000000005821
2016-08-22T15:53:00Z,6829.53,6830.53,6829.52,6830.39,0,2016,08,22,03,53,0.8600000000005821
2016-08-22T15:54:00Z,6830.43,6830.44,6829.47,6829.48,0,2016,08,22,03,54,0.9500000000007276
2016-08-22T15:55:00Z,6829.53,6830.53,6829.53,6830.41,0,2016,08,22,03,55,0.8800000000001091
2016-08-22T15:56:00Z,6830.55,6830.69,6829.53,6829.54,0,2016,08,22,03,56,1.0100000000002183
2016-08-22T15:57:00Z,6829.58,6830.72,6829.57,6830.52,0,2016,08,22,03,57,0.9400000000005093
2016-08-22T15:58:00Z,6828.31,6829.74,6828.2,6829.59,0,2016,08,22,03,58,1.2799999999997453
2016-08-22T15:59:00Z,6826.75,6828.47,6826.69,6828.34,0,2016,08,22,03,59,1.5900000000001455
2016-08-22T16:00:00Z,6826.56,6826.8,6826.19,6826.74,0,2016,08,22,04,00,0.17999999999938154
2016-08-22T16:01:00Z,6829.24,6829.24,6826.26,6826.56,0,2016,08,22,04,01,2.6799999999993815
2016-08-22T16:02:00Z,6829.28,6829.82,6828.74,6829.32,0,2016,08,22,04,02,0.03999999999996362
2016-08-22T16:03:00Z,6828.55,6829.72,6828.55,6829.28,0,2016,08,22,04,03,0.7299999999995634
2016-08-22T16:04:00Z,6828.5,6828.55,6827.46,6828.55,0,2016,08,22,04,04,0.0500000000001819
2016-08-22T16:05:00Z,6830.29,6830.63,6828.41,6828.51,0,2016,08,22,04,05,1.7799999999997453
2016-08-22T16:06:00Z,6831.89,6831.9,6830.27,6830.27,0,2016,08,22,04,06,1.6199999999998909
2016-08-22T16:07:00Z,6831.5,6832.61,6831.47,6831.9,0,2016,08,22,04,07,0.3999999999996362
2016-08-22T16:08:00Z,6831.97,6832.13,6831.41,6831.47,0,2016,08,22,04,08,0.5
2016-08-22T16:09:00Z,6831.39,6832.81,6831.39,6831.95,0,2016,08,22,04,09,0.5599999999994907
2016-08-22T16:10:00Z,6831.72,6831.79,6831.39,6831.4,0,2016,08,22,04,10,0.32000000000061846
2016-08-22T16:11:00Z,6832.24,6832.24,6831.25,6831.64,0,2016,08,22,04,11,0.5999999999994543
2016-08-22T16:12:00Z,6832.6,6833.96,6832.16,6832.24,0,2016,08,22,04,12,0.3600000000005821
2016-08-22T16:13:00Z,6832.4,6833.13,6832.25,6832.52,0,2016,08,22,04,13,0.12000000000080036
2016-08-22T16:14:00Z,6832.37,6832.41,6831.59,6832.41,0,2016,08,22,04,14,0.03999999999996362
2016-08-22T16:15:00Z,6830.28,6832.54,6830.2,6832.38,0,2016,08,22,04,15,2.100000000000364
2016-08-22T16:16:00Z,6828.74,6830.37,6828.74,6830.21,0,2016,08,22,04,16,1.4700000000002547
2016-08-22T16:17:00Z,6830.03,6830.07,6828.52,6828.74,0,2016,08,22,04,17,1.2899999999999636
2016-08-22T16:18:00Z,6828.48,6830.15,6828.48,6830.04,0,2016,08,22,04,18,1.5600000000004002
2016-08-22T16:19:00Z,6827.23,6828.54,6826.95,6828.5,0,2016,08,22,04,19,1.2700000000004366
2016-08-22T16:20:00Z,6825.7,6827.27,6825.68,6827.25,0,2016,08,22,04,20,1.550000000000182
2016-08-22T16:21:00Z,6824.38,6826.0,6824.38,6825.69,0,2016,08,22,04,21,1.3099999999994907
2016-08-22T16:22:00Z,6822.55,6824.38,6822.3,6824.38,0,2016,08,22,04,22,1.8299999999999272
2016-08-22T16:23:00Z,6822.99,6823.01,6821.31,6822.55,0,2016,08,22,04,23,0.4399999999995998
2016-08-22T16:24:00Z,6824.61,6825.02,6823.03,6823.03,0,2016,08,22,04,24,1.5799999999999272
2016-08-22T16:25:00Z,6821.9,6824.56,6821.8,6824.56,0,2016,08,22,04,25,2.660000000000764
2016-08-22T16:26:00Z,6820.33,6821.88,6819.68,6821.88,0,2016,08,22,04,26,1.550000000000182
2016-08-22T16:27:00Z,6819.35,6820.81,6819.3,6820.34,0,2016,08,22,04,27,0.9899999999997817
2016-08-22T16:28:00Z,6816.95,6819.37,6816.95,6819.31,0,2016,08,22,04,28,2.360000000000582
2016-08-22T16:29:00Z,6813.85,6817.04,6813.51,6817.04,0,2016,08,22,04,29,3.1899999999996
2016-08-22T16:30:00Z,6817.18,6817.22,6813.72,6813.87,0,2016,08,22,04,30,3.3100000000004
